Source title,Publisher
Ca-A Cancer Journal for Clinicians,Wiley-Blackwell
Nature Reviews Molecular Cell Biology,Springer Nature
New England Journal of Medicine,Massachussetts Medical Society
The Lancet,Elsevier
Nature Reviews Drug Discovery,Springer Nature
Nature Medicine,Springer Nature
Nature Reviews Materials,Springer Nature
Chemical Reviews,American Chemical Society
Cell,Elsevier
Nature Reviews Cancer,Springer Nature
Reviews of Modern Physics,American Physical Society
Foundations and Trends in Machine Learning,Now Publishers Inc
Nature,Springer Nature
Nature Reviews Immunology,Springer Nature
IEEE Communications Surveys and Tutorials,IEEE
Nature Energy,Springer Nature
Chemical Society Reviews,Royal Society of Chemistry
Physiological Reviews,American Physiological Society
Nature Reviews Clinical Oncology,Springer Nature
The Lancet Respiratory Medicine,Elsevier
Nature Reviews Genetics,Springer Nature
Nature Biotechnology,Springer Nature
Psychological Science in the Public Interest,SAGE
Progress in Materials Science,Elsevier
Living Reviews in Relativity,Springer Nature
Molecular Cancer,Springer Nature
World Psychiatry,Wiley-Blackwell
Annals of Oncology,Elsevier
The Lancet Neurology,Elsevier
The Lancet Oncology,Elsevier
Nature Reviews Disease Primers,Springer Nature
Joule,Elsevier
Nature Reviews Microbiology,Springer Nature
Annual Review of Astronomy and Astrophysics,Annual Reviews Inc.
Nature Photonics,Springer Nature
Studies in Mycology,Westerdijk Fungal Biodiversity Institute
Progress in Energy and Combustion Science,Elsevier
Science,American Association for the Advancement of Science
Nature Materials,Springer Nature
The Lancet Diabetes and Endocrinology,Elsevier
Immunity,Elsevier
Nature Reviews Gastroenterology and Hepatology,Springer Nature
Materials Science and Engineering: R: Reports,Elsevier
The Lancet Infectious Diseases,Elsevier
Nature Nanotechnology,Springer Nature
Energy and Environmental Science,Royal Society of Chemistry
Annual Review of Immunology,Annual Reviews Inc.
Clinical Microbiology Reviews,American Society for Microbiology
Annual Review of Pathology: Mechanisms of Disease,Annual Reviews Inc.
Nature Genetics,Springer Nature
Progress in Polymer Science,Elsevier
Nature Catalysis,Springer Nature
Annual Review of Fluid Mechanics,Annual Reviews Inc.
Cancer Cell,Elsevier
Morbidity and Mortality Weekly Report,Department of Health and Human Services
Physics Reports,Elsevier
Advances in Physics,Taylor & Francis
The Lancet Psychiatry,Elsevier
Cell Metabolism,Elsevier
Nature Methods,Springer Nature
Advances in Optics and Photonics,Optica Publishing Group
The Lancet Public Health,Elsevier
Gut,BMJ Publishing Group
Annual Review of Psychology,Annual Reviews Inc.
Reviews of Geophysics,Wiley-Blackwell
Astronomy and Astrophysics Review,Springer Nature
Annual Review of Condensed Matter Physics,Annual Reviews Inc.
Endocrine Reviews,The Endocrine Society
National Vital Statistics Reports,"Public Health Services, US Dept of Health and Human Services"
EnergyChem,Elsevier
Living Reviews in Solar Physics,Springer Nature
Nature Reviews Chemistry,Springer Nature
Advanced Materials,Wiley-Blackwell
JAMA - Journal of the American Medical Association,American Medical Association
Fungal Diversity,Springer Nature
Nature Microbiology,Springer Nature
Nature Reviews Endocrinology,Springer Nature
Cell Host and Microbe,Elsevier
JAMA Oncology,American Medical Association
Nature Reviews Physics,Springer Nature
Nature Neuroscience,Springer Nature
The Lancet Global Health,Elsevier
JAMA Internal Medicine,American Medical Association
MMWR Surveillance Summaries,Centers for Disease Control and Prevention (CDC)
Electrochemical Energy Reviews,Springer Nature
Advanced Energy Materials,Wiley-Blackwell
Annual Review of Plant Biology,Annual Reviews Inc.
Circulation,Wolters Kluwer Health
Annual Review of Biochemistry,Annual Reviews Inc.
European Urology,Elsevier
International Journal of Information Management,Elsevier
Cell Research,Springer Nature
Nature Reviews Cardiology,Springer Nature
JAMA Cardiology,American Medical Association
Journal of Hepatology,Elsevier
Nature Immunology,Springer Nature
Journal of the American College of Cardiology,Elsevier
JAMA Neurology,American Medical Association
Proceedings of the IEEE Computer Society Conference on Computer Vision and Pattern Recognition,
Nature Sustainability,Springer Nature
Gastroenterology,Elsevier
Journal of Clinical Oncology,Wolters Kluwer Health
The Lancet Gastroenterology and Hepatology,Elsevier
Foundations and Trends in Information Retrieval,Now Publishers Inc
Annual Review of Entomology,Annual Reviews Inc.
Information Fusion,Elsevier
Nature Cell Biology,Springer Nature
Journal of Hematology and Oncology,Springer Nature
Nature Electronics,Springer Nature
Applied Catalysis B: Environmental,Elsevier
Nature Biomedical Engineering,Springer Nature
Journal of Infection,Elsevier
Nature Reviews Nephrology,Springer Nature
Annual Review of Physiology,Annual Reviews Inc.
Annual Review of Public Health,Annual Reviews Inc.
InfoMat,Wiley-Blackwell
Cell Stem Cell,Elsevier
Drug Resistance Updates,Elsevier
Accounts of Chemical Research,American Chemical Society
Intensive Care Medicine,Springer Nature
Nature Reviews Neurology,Springer Nature
Radiology,Radiological Society of North America Inc.
Proceedings of the IEEE International Conference on Computer Vision,
Materials Today,Elsevier
Science Robotics,American Association for the Advancement of Science
Coordination Chemistry Reviews,Elsevier
International Materials Reviews,Taylor & Francis
MMWR supplements,Epidemiology Program Office
The Lancet Digital Health,Elsevier
Annals of the Rheumatic Diseases,BMJ Publishing Group
Chem,Elsevier
Nature Machine Intelligence,Springer Nature
Nano-Micro Letters,Open Access Science Online
Nature Climate Change,Springer Nature
Nature Geoscience,Springer Nature
Nature Reviews Neuroscience,Springer Nature
ACS Energy Letters,American Chemical Society
Nucleic Acids Research,Oxford University Press
Reports on Progress in Physics,Institute of Physics Publishing
Trends in Cell Biology,Elsevier
Trends in Chemistry,Elsevier
Journal of Thoracic Oncology,International Association for the Study of Lung Cancer
Nature Chemistry,Springer Nature
Proceedings of the IEEE,IEEE
Annual Review of Clinical Psychology,Annual Reviews Inc.
Signal Transduction and Targeted Therapy,Springer Nature
Psychological Bulletin,American Psychological Association
Trends in Biotechnology,Elsevier
Annual Review of Marine Science,Annual Reviews Inc.
JAMA Psychiatry,American Medical Association
Progress in Retinal and Eye Research,Elsevier
Journal of Strategic Information Systems,Elsevier
The Lancet Child and Adolescent Health,Elsevier
Pharmacological Reviews,American Society for Pharmacology and Experimental Therapeutics
Academy of Management Annals,Academy of Management
Journal of Bioresources and Bioproducts,KeAi Communications Co.
Energy Storage Materials,Elsevier
IEEE Transactions on Pattern Analysis and Machine Intelligence,IEEE
Trends in Cognitive Sciences,Elsevier
Trends in Plant Science,Elsevier
Science immunology,American Association for the Advancement of Science
Military Medical Research,Springer Nature
International journal of oral science,Sichuan University Press
The Lancet Rheumatology,Elsevier
Molecular Plant,Elsevier
Nano Energy,Elsevier
European Heart Journal,Oxford University Press
Molecular Cell,Elsevier
Catalysis Reviews - Science and Engineering,Taylor & Francis
American Journal of Respiratory and Critical Care Medicine,American Thoracic Society
Human Reproduction Update,Oxford University Press
JAMA Pediatrics,American Medical Association
ACM Computing Surveys,Association for Computing Machinery
Nature Protocols,Springer Nature
Annual Review of Pharmacology and Toxicology,Annual Reviews Inc.
Nature Physics,Springer Nature
Advanced Functional Materials,Wiley-Blackwell
Trends in Immunology,Elsevier
Annual Review of Earth and Planetary Sciences,Annual Reviews Inc.
Diabetes Care,American Diabetes Association Inc.
IEEE Reviews in Biomedical Engineering,IEEE
Nature Reviews Earth and Environment,Springer Nature
Annual Review of Biophysics,Annual Reviews Inc.
Eurosurveillance,European Centre for Disease Prevention and Control (ECDC)
Trends in Microbiology,Elsevier
Biotechnology Advances,Elsevier
Reviews in Physics,Elsevier
European Journal of Heart Failure,Wiley-Blackwell
Neuron,Elsevier
Trends in Ecology and Evolution,Elsevier
Advances in Methods and Practices in Psychological Science,SAGE
Medicinal Research Reviews,Wiley-Blackwell
Personality and Social Psychology Review,SAGE
Progress in Particle and Nuclear Physics,Elsevier
European Business Review,Emerald Publishing
Nature Human Behaviour,Springer Nature
Polymer Reviews,Taylor & Francis
Angewandte Chemie - International Edition,Wiley-Blackwell
Renewable and Sustainable Energy Reviews,Elsevier
Annual Review of Medicine,Annual Reviews Inc.
Physical Review X,American Physical Society
IEEE Wireless Communications,IEEE
TrAC - Trends in Analytical Chemistry,Elsevier
Journal of the American Chemical Society,American Chemical Society
Trends in Neurosciences,Elsevier
Acta Numerica,Cambridge University Press
Genome Biology,Springer Nature
IEEE Transactions on Evolutionary Computation,IEEE
The Lancet Haematology,Elsevier
ACS Nano,American Chemical Society
IEEE Journal on Selected Areas in Communications,IEEE
Transactions of the Association for Computational Linguistics,MIT Press
European Respiratory Journal,European Respiratory Society
Nature Structural and Molecular Biology,Springer Nature
Light: Science and Applications,Springer Nature
Trends in Food Science and Technology,Elsevier
British Journal of Sports Medicine,BMJ Publishing Group
Quarterly Journal of Economics,Oxford University Press
Molecular Neurodegeneration,Springer Nature
Journal of Autoimmunity,Elsevier
Nature Communications,Springer Nature
Nature Ecology and Evolution,Springer Nature
Acta Neuropathologica,Springer Nature
Hepatology,Wolters Kluwer Health
MMWR Recommendations and Reports,Centers for Disease Control and Prevention (CDC)
Remote Sensing of Environment,Elsevier
Science Translational Medicine,American Association for the Advancement of Science
Trends in Cancer,Elsevier
Biofuel Research Journal,Green Wave Publishing of Canada
Carbon Energy,Wiley-Blackwell
Annual Review of Neuroscience,Annual Reviews Inc.
Mycosphere,Zhongkai University
Progress in Lipid Research,Elsevier
Annual Review of Nuclear and Particle Science,Annual Reviews Inc.
"Brain, Behavior, and Immunity",Elsevier
ACS Central Science,American Chemical Society
Annual review of food science and technology,Annual Reviews Inc.
Journal of Experimental Medicine,Rockefeller University Press
Nature Plants,Springer Nature
Annual Review of Microbiology,Annual Reviews Inc.
Circulation Research,Wolters Kluwer Health
Environmental Chemistry Letters,Springer Nature
International Journal of Surgery,Elsevier
Journal of Big Data,Springer Nature
Journal of Extracellular Vesicles,Wiley-Blackwell
Applied Physics Reviews,American Institute of Physics
Computers and Education,Elsevier
Nature Metabolism,Springer Nature
Advances in Colloid and Interface Science,Elsevier
Journal of Clinical Investigation,The American Society for Clinical Investigation
Critical Reviews in Food Science and Nutrition,Taylor & Francis
IEEE Transactions on Smart Grid,IEEE
Molecular Aspects of Medicine,Elsevier
npj Digital Medicine,Springer Nature
The Innovation,Elsevier
Annual Review of Animal Biosciences,Annual Reviews Inc.
Annual Review of Physical Chemistry,Annual Reviews Inc.
Biological Reviews,Wiley-Blackwell
Cell Death and Differentiation,Springer Nature
JACC: Cardiovascular Imaging,Elsevier
Trends in Molecular Medicine,Elsevier
Advanced Powder Materials,KeAi Communications Co.
Biomaterials,Elsevier
Critical Reviews in Environmental Science and Technology,Taylor & Francis
Journal of Medical Virology,Wiley-Blackwell
Nature Chemical Biology,Springer Nature
Advanced Drug Delivery Reviews,Elsevier
Autoimmunity Reviews,Elsevier
Trends in Pharmacological Sciences,Elsevier
Composites Part B: Engineering,Elsevier
Emerging Microbes and Infections,Taylor & Francis
Periodontology 2000,Wiley-Blackwell
Artificial Intelligence Review,Springer Nature
Journal of the Academy of Marketing Science,Springer Nature
Trends in Biochemical Sciences,Elsevier
National Science Review,Oxford University Press
The Lancet Microbe,Elsevier
Tourism Management,Elsevier
Advanced Photonics,SPIE
Psychotherapy and Psychosomatics,Karger
eTransportation,Elsevier
Journal of Allergy and Clinical Immunology,Elsevier
Matter,Elsevier
AI Open,KeAi Communications Co.
International Journal of Computer Vision,Springer Nature
Microbiome,Springer Nature
Neuro-Oncology,Oxford University Press
Protection and Control of Modern Power Systems,Springer Nature
Computer Science Review,Elsevier
IEEE Signal Processing Magazine,IEEE
IEEE Transactions on Industrial Informatics,IEEE
JACC: Heart Failure,Elsevier
Journal of Management,SAGE
"Annual Review of Control, Robotics, and Autonomous Systems",Annual Reviews Inc.
IEEE Transactions on Cybernetics,IEEE
Progress in Aerospace Sciences,Elsevier
Materials Horizons,Royal Society of Chemistry
Science Bulletin,Elsevier
Allergy: European Journal of Allergy and Clinical Immunology,Wiley-Blackwell
Journal of Marketing,American Marketing Association
Journal of Thrombosis and Haemostasis,Elsevier
Nature Reviews Methods Primers,Springer Nature
Cellular and Molecular Immunology,Springer Nature
Environment international,Elsevier
Journal of Materials Chemistry A,Royal Society of Chemistry
Tourism Geographies,Taylor & Francis
Blood,Elsevier
Cancer Discovery,American Association for Cancer Research Inc.
IEEE Transactions on Neural Networks and Learning Systems,IEEE
Review of Educational Research,SAGE
Annual Review of Environment and Resources,Annual Reviews Inc.
Clinical Cancer Research,American Association for Cancer Research Inc.
Comprehensive Reviews in Food Science and Food Safety,Wiley-Blackwell
NCHS data brief,U.S. National Center for Health Statistics
California Management Review,Haas School of Business
Nature reviews. Rheumatology,Springer Nature
Chemical Engineering Journal,Elsevier
Chinese Journal of Catalysis,Science Press
Clinical Infectious Diseases,Oxford University Press
Clinical Microbiology and Infection,Elsevier
Journal of Photochemistry and Photobiology C: Photochemistry Reviews,Elsevier
Reviews in Environmental Science and Biotechnology,Springer Nature
Annual Review of Cell and Developmental Biology,Annual Reviews Inc.
The Lancet Planetary Health,Elsevier
Annual Review of Virology,Annual Reviews Inc.
Foundations and Trends in Computer Graphics and Vision,Now Publishers Inc
Optica,Optica Publishing Group
Administrative Science Quarterly,Johnson School at Cornell University
Annals of Internal Medicine,American College of Physicians
Applied Energy,Elsevier
Applied Mechanics Reviews,American Society of Mechanical Engineers
Computers in Industry,Elsevier
Future Generation Computer Systems,Elsevier
IEEE Communications Magazine,IEEE
Natural Product Reports,Royal Society of Chemistry
Pharmacology and Therapeutics,Elsevier
Annual Review of Cancer Biology,Annual Reviews Inc.
FEMS Microbiology Reviews,Oxford University Press
International Journal of Machine Tools and Manufacture,Elsevier
Nano Materials Science,KeAi Communications Co.
Theranostics,Ivyspring International Publisher
Current Climate Change Reports,Springer Nature
Nature Cancer,Springer Nature
American Journal of Psychiatry,American Psychiatric Association
Annual Review of Organizational Psychology and Organizational Behavior,Annual Reviews Inc.
Brain,Oxford University Press
Cancer Treatment Reviews,Elsevier
Current Opinion in Solid State and Materials Science,Elsevier
Journal of Experimental and Clinical Cancer Research,Springer Nature
ACS Catalysis,American Chemical Society
"Annual Review of Ecology, Evolution, and Systematics",Annual Reviews Inc.
Biosensors and Bioelectronics,Elsevier
EMBO Journal,Wiley-Blackwell
Energy and Environmental Materials,Wiley-Blackwell
International Journal of Antimicrobial Agents,Elsevier
Journal of Economic Literature,American Economic Association
Reviews in Fisheries Science and Aquaculture,Taylor & Francis
Transport Reviews,Taylor & Francis
Arthritis and Rheumatology,Wiley-Blackwell
Drugs,Springer Nature
ISME Journal,Springer Nature
JAMA Surgery,American Medical Association
Metabolism: Clinical and Experimental,Elsevier
Science advances,American Association for the Advancement of Science
Wiley Interdisciplinary Reviews: Data Mining and Knowledge Discovery,Wiley-Blackwell
Annual Review of Biomedical Engineering,Annual Reviews Inc.
Developmental Cell,Elsevier
Persoonia: Molecular Phylogeny and Evolution of Fungi,National Herbarium Nederland
"Resources, Conservation and Recycling",Elsevier
Journal of Hazardous Materials,Elsevier
Kidney International,Elsevier
Carbon,Elsevier
IEEE Transactions on Medical Imaging,IEEE
IEEE Vehicular Technology Magazine,IEEE
Physics of Life Reviews,Elsevier
Reviews in Aquaculture,Wiley-Blackwell
Robotics and Computer-Integrated Manufacturing,Elsevier
Wiley Interdisciplinary Reviews: Computational Molecular Science,Wiley-Blackwell
Annual Review of Analytical Chemistry,Annual Reviews Inc.
Cell Discovery,Springer Nature
Earth-Science Reviews,Elsevier
PhotoniX,Springer Nature
Seminars in Cancer Biology,Elsevier
Annual Review of Materials Research,Annual Reviews Inc.
Cancer Communications,Wiley-Blackwell
Clinical Reviews in Allergy and Immunology,Springer Nature
IEEE Network,IEEE
Medical Image Analysis,Elsevier
Advanced Science,Wiley-Blackwell
Annual Review of Genetics,Annual Reviews Inc.
Cement and Concrete Research,Elsevier
Ophthalmology,Elsevier
Water Research,Elsevier
Analytic Methods in Accident Research,Elsevier
Bioactive Materials,KeAi Communications Co.
Journal of Pineal Research,Wiley-Blackwell
Mathematical Programming Computation,Springer Nature
Biological Psychiatry,Elsevier
Journal of Advanced Research,Cairo University
Journal of Industrial Information Integration,Elsevier
Journal of the American Society of Nephrology : JASN,Wolters Kluwer Health
Journal of Travel Medicine,Oxford University Press
Genes and Development,Cold Spring Harbor Laboratory Press
Global Change Biology,Wiley-Blackwell
Acta Pharmaceutica Sinica B,Elsevier
Nano Today,Elsevier
Small Methods,Wiley-Blackwell
Food Hydrocolloids,Elsevier
International Journal of Production Economics,Elsevier
Annual Reviews in Control,Elsevier
Autophagy,Taylor & Francis
Health Psychology Review,Taylor & Francis
ISPRS Journal of Photogrammetry and Remote Sensing,Elsevier
Plant Biotechnology Journal,Wiley-Blackwell
Proceedings of the National Academy of Sciences of the United States of America,National Academy of Sciences
Protein and Cell,Oxford University Press
Energy Conversion and Management,Elsevier
Journal of Energy Chemistry,Elsevier
Bioresource Technology,Elsevier
IEEE Transactions on Fuzzy Systems,IEEE
Journal of Network and Computer Applications,Elsevier
Journal of the National Comprehensive Cancer Network : JNCCN,Cold Spring Publishing LLC
Nanoscale Horizons,Royal Society of Chemistry
Small,Wiley-Blackwell
Carbohydrate Polymers,Elsevier
Clinical Psychology Review,Elsevier
General Psychiatry,BMJ Publishing Group
"IEEE Transactions on Systems, Man, and Cybernetics: Systems",IEEE
Journal of Clinical Virology,Elsevier
Journal of Internal Medicine,Wiley-Blackwell
Journal of Sustainable Tourism,Taylor & Francis
Molecular Psychiatry,Springer Nature
Swarm and Evolutionary Computation,Elsevier
Anaesthesia,Wiley-Blackwell
Angiogenesis,Springer Nature
Cancer Immunology Research,American Association for Cancer Research Inc.
Critical Care,Springer Nature
Critical Reviews in Solid State and Materials Sciences,Taylor & Francis
Mass Spectrometry Reviews,Wiley-Blackwell
Seminars in Immunopathology,Springer Nature
MIS Quarterly: Management Information Systems,Management Information Systems Research Center
Progress in Nuclear Magnetic Resonance Spectroscopy,Elsevier
Reviews in Medical Virology,Wiley-Blackwell
Surface Science Reports,Elsevier
European Journal of Epidemiology,Springer Nature
IEEE Transactions on Sustainable Energy,IEEE
Journal of Biomedical Science,Springer Nature
Journal of Cleaner Production,Elsevier
Space Science Reviews,Springer Nature
Academy of Management Review,Academy of Management
Annals of Neurology,Wiley-Blackwell
Annual Review of Phytopathology,Annual Reviews Inc.
Perspectives on Psychological Science,SAGE
Sustainable Cities and Society,Elsevier
Wiley Interdisciplinary Reviews: Systems Biology and Medicine,Wiley-Blackwell
Cardiovascular Research,Oxford University Press
Cell Systems,Elsevier
Cold Spring Harbor perspectives in biology,Cold Spring Harbor Laboratory Press
EMBO Molecular Medicine,Wiley-Blackwell
International Journal of Hospitality Management,Elsevier
Journal of the National Cancer Institute,Oxford University Press
Redox Biology,Elsevier
American Economic Review,American Economic Association
Annual Review of Political Science,Annual Reviews Inc.
IEEE Transactions on Image Processing,IEEE
Immunological Reviews,Wiley-Blackwell
Advances in Virus Research,Elsevier
Evidence-Based Mental Health,BMJ Publishing Group
International Journal of Production Research,Taylor & Francis
Nature Astronomy,Springer Nature
Sports Medicine,Springer Nature
Trends in Genetics,Elsevier
Wiley Interdisciplinary Reviews: Climate Change,Wiley-Blackwell
Business Horizons,Elsevier
Clinical Biochemist Reviews,Australasian Association of Clinical Biochemists
Engineering,Elsevier
Matrix Biology,Elsevier
Nano Letters,American Chemical Society
Genome Medicine,Springer Nature
Molecular Therapy,Elsevier
Trends in Endocrinology and Metabolism,Elsevier
American Sociological Review,American Sociological Association
Bone Research,Springer Nature
Business Strategy and the Environment,Wiley-Blackwell
Computers in Human Behavior,Elsevier
Experimental and Molecular Medicine,Korean Society of Med. Biochemistry and Mol. Biology
Global Transitions,KeAi Communications Co.
IEEE Geoscience and Remote Sensing Magazine,IEEE
Big Data Mining and Analytics,IEEE
eBioMedicine,Elsevier
Materials Science for Energy Technologies,KeAi Communications Co.
Molecular Systems Biology,Wiley-Blackwell
Physiology,American Physiological Society
Supply Chain Management,Emerald Publishing
Advances in Applied Mechanics,Elsevier
Diabetologia,Springer Nature
Frontiers in Ecology and the Environment,Wiley-Blackwell
IEEE/CAA Journal of Automatica Sinica,IEEE
Microbiology and Molecular Biology Reviews,American Society for Microbiology
New Phytologist,Wiley-Blackwell
PLoS Medicine,Public Library of Science
Radiology: Cardiothoracic Imaging,Radiological Society of North America Inc.
The Lancet HIV,Elsevier
Ageing Research Reviews,Elsevier
Critical Reviews in Biotechnology,Taylor & Francis
Organizational Research Methods,SAGE
Advances in Nutrition,Elsevier
Educational Research Review,Elsevier
IEEE Internet of Things Journal,IEEE
Journal of Interactive Marketing,SAGE
Biomaterials Advances,Elsevier
Government Information Quarterly,Elsevier
International Conference on Architectural Support for Programming Languages and Operating Systems - ASPLOS,
Journal of Business Venturing,Elsevier
Journal of Intelligent Manufacturing,Springer Nature
Advanced Industrial and Engineering Polymer Research,KeAi Communications Co.
American Journal of Human Genetics,Elsevier
Entrepreneurship Theory and Practice,Wiley-Blackwell
Journal of Service Research,SAGE
Obesity Reviews,Wiley-Blackwell
Sleep Medicine Reviews,Elsevier
Technological Forecasting and Social Change,Elsevier
Cytokine and Growth Factor Reviews,Elsevier
Decision Making: Applications in Management and Engineering,Regional Association for Security and crisis management
Educational Psychologist,Taylor & Francis
IEEE Transactions on Industrial Electronics,IEEE Industrial Electronics Society
Journal of Controlled Release,Elsevier
Journal of Magnesium and Alloys,KeAi Communications Co.
Leukemia,Springer Nature
Travel Medicine and Infectious Disease,Elsevier
Acta Biomaterialia,Elsevier
Additive Manufacturing,Elsevier
Antiviral Research,Elsevier
Biofabrication,Institute of Physics Publishing
Current Opinion in Biotechnology,Elsevier
European Journal of Information Systems,Taylor & Francis
Infectious Disease Modelling,KeAi Communications Co.
Physical Review Letters,American Physical Society
Virtual and Physical Prototyping,Taylor & Francis
Advanced Composites and Hybrid Materials,Springer Nature
Cancer Research,American Association for Cancer Research Inc.
Computer-Aided Civil and Infrastructure Engineering,Wiley-Blackwell
IEEE Transactions on Wireless Communications,IEEE
Journal of the American Academy of Child and Adolescent Psychiatry,Elsevier
Liver Cancer,Karger
Progress in Photovoltaics: Research and Applications,Wiley-Blackwell
Journal for ImmunoTherapy of Cancer,BMJ Publishing Group
Science of the Total Environment,Elsevier
Automation in Construction,Elsevier
Cancer Letters,Elsevier
Environmental Science & Technology,American Chemical Society
Journal of Pharmaceutical Analysis,Xi'an Jiaotong University
Nature Food,Springer Nature
Human Resource Management Review,Elsevier
IEEE Journal on Selected Topics in Signal Processing,IEEE
International Review of Sport and Exercise Psychology,Taylor & Francis
Internet and Higher Education,Elsevier
Journal of Hospitality Marketing and Management,Taylor & Francis
Journal of Service Management,Emerald Publishing
Journal of Travel Research,SAGE
Wiley Interdisciplinary Reviews: Nanomedicine and Nanobiotechnology,Wiley-Blackwell
Basic Research in Cardiology,Dietrich Steinkopff Verlag
Global Environmental Change,Elsevier
International Journal of Robotics Research,SAGE
Journal of Cellular Physiology,Wiley-Blackwell
Journal of Membrane Science,Elsevier
Postdigital Science and Education,Springer Nature
Biochimica et Biophysica Acta - Reviews on Cancer,Elsevier
Blood Reviews,Elsevier
Green Chemistry,Royal Society of Chemistry
IEEE Computational Intelligence Magazine,IEEE
Service Industries Journal,Taylor & Francis
American Journal of Kidney Diseases,Elsevier
Applied Computing and Informatics,Emerald Publishing
Ecology Letters,Wiley-Blackwell
IEEE Transactions on Affective Computing,IEEE
Information Systems Journal,Wiley-Blackwell
Journal of Advanced Ceramics,Springer Nature
Journal of International Business Studies,Springer Nature
Mayo Clinic Proceedings,Elsevier
Annals of Surgery,Wolters Kluwer Health
Environmental Science and Technology Letters,American Chemical Society
Trends in Environmental Analytical Chemistry,Elsevier
Journal of Retailing and Consumer Services,Elsevier
npj Clean Water,Springer Nature
Renewable Energy,Elsevier
Soft Robotics,Mary Ann Liebert
Conservation Letters,Wiley-Blackwell
eClinicalMedicine,Elsevier
Exercise Immunology Review,Human Kinetics Publishers Inc.
Frontiers of Medicine,Springer Nature
Journal of Business Research,Elsevier
Journal of Manufacturing Systems,Elsevier
Plant Cell,Oxford University Press
Telematics and Informatics,Elsevier
American Journal of Transplantation,Elsevier
Annals of Tourism Research,Elsevier
"Artificial Cells, Nanomedicine and Biotechnology",Taylor & Francis
Chemistry of Materials,American Chemical Society
Engineered Science,Engineered Science Publisher
Evolution Letters,Oxford University Press
Foundations and Trends in Systems and Control,Now Publishers Inc
"Journal of Neurology, Neurosurgery and Psychiatry",BMJ Publishing Group
Journal of Power Sources,Elsevier
Ultrasonics Sonochemistry,Elsevier
Annual Review of Sociology,Annual Reviews Inc.
Asian Journal of Pharmaceutical Sciences,Shenyang Pharmaceutical University
Drug Discovery Today: Technologies,Elsevier
International Journal of Extreme Manufacturing,Institute of Physics Publishing
Journal of Economic Perspectives,American Economic Association
NPG Asia Materials,Springer Nature
Pharmacological Research,Elsevier
Academy of Management Journal,Academy of Management
ACS applied materials & interfaces,American Chemical Society
Biotechnology for Biofuels,Springer Nature
British Journal of Dermatology,Oxford University Press
Critical Reviews in Clinical Laboratory Sciences,Taylor & Francis
Current Opinion in Cell Biology,Elsevier
Journal of Field Robotics,Wiley-Blackwell
Journal of Manufacturing Technology Management,Emerald Publishing
Journal of Political Economy,University of Chicago
Journal of Sport and Health Science,Elsevier
Metabolic Engineering,Elsevier
Corporate Social Responsibility and Environmental Management,Wiley-Blackwell
Emerging Infectious Diseases,Centers for Disease Control and Prevention (CDC)
Journal of Materials Science and Technology,Elsevier
Molecular Therapy - Nucleic Acids,Elsevier
Oncogene,Springer Nature
Progress in Quantum Electronics,Elsevier
"Qualitative Research in Sport, Exercise and Health",Taylor & Francis
Advanced healthcare materials,Wiley-Blackwell
Cancer and Metastasis Reviews,Springer Nature
Cement and Concrete Composites,Elsevier
ChemSusChem,Wiley-Blackwell
Current Forestry Reports,Springer Nature
European Journal of Psychology Applied to Legal Context,Sociedad Espanola de Psicologia Juridica y Forense
IEEE Transactions on Power Systems,IEEE
Journal of Colloid and Interface Science,Elsevier
Social Issues and Policy Review,Wiley-Blackwell
Transportation Research Part C: Emerging Technologies,Elsevier
Wiley interdisciplinary reviews. RNA,Wiley-Blackwell
Canadian Journal of Agricultural Economics,Wiley-Blackwell
Diabetes and Metabolic Syndrome: Clinical Research and Reviews,Elsevier
Genetics in Medicine,Elsevier
Opto-Electronic Advances,Chinese Academy of Sciences
PLoS Biology,Public Library of Science
ACS Sustainable Chemistry and Engineering,American Chemical Society
British Journal of Pharmacology,Wiley-Blackwell
Geoscience Frontiers,China University of Geosciences (Beijing) and Peking University
Global Food Security,Elsevier
Information and Management,Elsevier
International Journal of Educational Technology in Higher Education,Springer Nature
International Journal of Mining Science and Technology,Elsevier
Journal of Pathology,Wiley-Blackwell
Leadership Quarterly,Elsevier
npj Computational Materials,Springer Nature
The BMJ,BMJ Publishing Group
Translational Neurodegeneration,Springer Nature
Advances in Agronomy,Elsevier
Chemical Science,Royal Society of Chemistry
Current Opinion in Chemical Biology,Elsevier
Desalination,Elsevier
Energy Policy,Elsevier
Engineered Regeneration,KeAi Communications Co.
Environmental Health Perspectives,"Public Health Services, US Dept of Health and Human Services"
International Journal of Cancer,Wiley-Blackwell
Mechanical Systems and Signal Processing,Elsevier
Progress in Neurobiology,Elsevier
Sustainable Development,Wiley-Blackwell
Acta Materialia,Elsevier
Advances in Motivation Science,Elsevier
American Journal of Hematology,Wiley-Blackwell
Annual Review of Genomics and Human Genetics,Annual Reviews Inc.
Artificial Intelligence in Agriculture,KeAi Communications Co.
Diabetes/Metabolism Research and Reviews,Wiley-Blackwell
Energy Strategy Reviews,Elsevier
JAMA network open,American Medical Association
Nano Convergence,Springer Nature
Research Policy,Elsevier
Waste Management,Elsevier
Aging Cell,Wiley-Blackwell
Composites - Part A: Applied Science and Manufacturing,Elsevier
Composites Science and Technology,Elsevier
Current Opinion in Plant Biology,Elsevier
EcoMat,Wiley-Blackwell
Exposure and Health,Springer Nature
Journal of Neuroinflammation,Springer Nature
Mucosal Immunology,Elsevier
Translational Research,Elsevier
ACM Transactions on Graphics,Association for Computing Machinery
ACS Sensors,American Chemical Society
Advances in Applied Energy,Elsevier
British Journal of Anaesthesia,Elsevier
Cell Chemical Biology,Elsevier
Cell Reports,Elsevier
Clinical Gastroenterology and Hepatology,Elsevier
Earth System Science Data,Copernicus
Ecological Monographs,Wiley-Blackwell
Energy,Elsevier
Environmental Pollution,Elsevier
Food Chemistry,Elsevier
Journal of Innovation and Knowledge,Elsevier
Journal of Travel and Tourism Marketing,Taylor & Francis
Laser and Photonics Reviews,Wiley-Blackwell
ACM Transactions on Intelligent Systems and Technology,Association for Computing Machinery
Advanced Optical Materials,Wiley-Blackwell
Alimentary Pharmacology and Therapeutics,Wiley-Blackwell
Biomaterials Research,Springer Nature
Information Processing and Management,Elsevier
International Journal of Infectious Diseases,Elsevier
Seminars in Immunology,Elsevier
Trends in Cardiovascular Medicine,Elsevier
Alzheimer's and Dementia,Wiley-Blackwell
Annual Review of Chemical and Biomolecular Engineering,Annual Reviews Inc.
"Arteriosclerosis, Thrombosis, and Vascular Biology",Wolters Kluwer Health
Drug Discovery Today,Elsevier
Energy Economics,Elsevier
IEEE Transactions on Information Forensics and Security,IEEE
Journal of Industrial Integration and Management,World Scientific
npj Quantum Information,Springer Nature
Surveys in Geophysics,Springer Nature
"Transportation Research, Part E: Logistics and Transportation Review",Elsevier
Wiley Interdisciplinary Reviews: Developmental Biology,Wiley-Blackwell
Current Opinion in Food Science,Elsevier
ES Materials and Manufacturing,Engineered Science Publisher
Genome Research,Cold Spring Harbor Laboratory Press
"Journal of Microbiology, Immunology and Infection",Elsevier
Neuroscientist,SAGE
Progress in Human Geography,SAGE
Research Synthesis Methods,Wiley-Blackwell
Satellite Navigation,Springer Nature
Sensors and Actuators B: Chemical,Elsevier
The Lancet Regional Health - Europe,Elsevier
Wiley Interdisciplinary Reviews: Water,Wiley-Blackwell
Antioxidants and Redox Signaling,Mary Ann Liebert
Astrophysical Journal Letters,American Astronomical Society
Educational Psychology Review,Springer Nature
International Journal of Biological Macromolecules,Elsevier
Neural Networks,Elsevier
Progress in Solid State Chemistry,Elsevier
Gut Microbes,Taylor & Francis
Human Behavior and Emerging Technologies,Wiley-Blackwell
International Journal of Plasticity,Elsevier
JACC: Basic to Translational Science,Elsevier
JCI insight,The American Society for Clinical Investigation
Landscape and Urban Planning,Elsevier
Reviews in Chemical Engineering,Walter de Gruyter
"Trauma, Violence, and Abuse",SAGE
American Journal of Obstetrics and Gynecology,Elsevier
Applied Soft Computing Journal,Elsevier
Cell Death and Disease,Springer Nature
Journal of Clinical Microbiology,American Society for Microbiology
Soil Biology and Biochemistry,Elsevier
Thorax,BMJ Publishing Group
Water Research X,Elsevier
Annual Review of Nutrition,Annual Reviews Inc.
BMC Medicine,Springer Nature
Communication Methods and Measures,Taylor & Francis
European Journal of Nuclear Medicine and Molecular Imaging,Springer Nature
Globalization and Health,Springer Nature
International Journal of Mental Health and Addiction,Springer Nature
Internet of Things (Netherlands),Elsevier
Journal of Anxiety Disorders,Elsevier
New Astronomy Reviews,Elsevier
American Psychologist,American Psychological Association
Archives of Computational Methods in Engineering,Springer Nature
British Journal of Cancer,Springer Nature
Current Opinion in Environmental Sustainability,Elsevier
IEEE Transactions on Power Electronics,IEEE
Journal of Integrative Plant Biology,Wiley-Blackwell
Journal of Product Innovation Management,Wiley-Blackwell
Materials Research Letters,Taylor & Francis
Phytochemistry Reviews,Springer Nature
Science China Chemistry,Science Press
Annual Review of Statistics and Its Application,Annual Reviews Inc.
Artificial Intelligence in Medicine,Elsevier
Current Opinion in Colloid and Interface Science,Elsevier
Free Radical Biology and Medicine,Elsevier
Frontiers in Neuroendocrinology,Elsevier
GLIA,Wiley-Blackwell
Infectious Diseases of Poverty,Springer Nature
International Journal of Biological Sciences,Ivyspring International Publisher
International Journal of Nanomedicine,Dove Medical Press
Journal of Applied Psychology,American Psychological Association
Journal of Nanostructure in Chemistry,Springer Nature
Neuropsychopharmacology,Springer Nature
"Plant, Cell and Environment",Wiley-Blackwell
Policy and Society,Oxford University Press
SIAM Review,Society for Industrial and Applied Mathematics
Systematic Biology,Oxford University Press
Foundations and Trends in Signal Processing,Now Publishers Inc
Gastric Cancer,Springer Nature
Hypertension,Wolters Kluwer Health
International Journal of Management Reviews,Wiley-Blackwell
Journal of Crohn's and Colitis,Oxford University Press
Limnology And Oceanography Letters,Wiley-Blackwell
Pattern Recognition,Elsevier
Breast Cancer Research,Springer Nature
British Journal of Educational Technology,Wiley-Blackwell
Business and Society,SAGE
Cell Proliferation,Wiley-Blackwell
Industrial Marketing Management,Elsevier
International Journal of Epidemiology,Oxford University Press
JAMA Dermatology,American Medical Association
Omega,Elsevier
Review of Financial Studies,Oxford University Press
Seminars in Cell and Developmental Biology,Elsevier
Veterinary Quarterly,Taylor & Francis
Current Issues in Tourism,Taylor & Francis
GigaScience,Oxford University Press
Information Processing in Agriculture,Elsevier
Movement Disorders,Wiley-Blackwell
Nano Research,Tsinghua University Press
Review of Corporate Finance Studies,Oxford University Press
ACS Materials Letters,American Chemical Society
Aging and Disease,International Society on Aging and Disease
Annals of Intensive Care,Springer Nature
Computers and Electronics in Agriculture,Elsevier
IEEE Transactions on Communications,IEEE
IEEE Transactions on Vehicular Technology,IEEE
International Journal of Contemporary Hospitality Management,Emerald Publishing
Investigative Radiology,Wolters Kluwer Health
Journal of Business Logistics,Wiley-Blackwell
Monographs of the Society for Research in Child Development,Wiley-Blackwell
Nanoscale,Royal Society of Chemistry
One Earth,Elsevier
Psychological Medicine,Cambridge University Press
Work and Stress,Taylor & Francis
Critical Reviews in Biochemistry and Molecular Biology,Taylor & Francis
Environment and Behavior,SAGE
Green Energy and Environment,KeAi Communications Co.
Journal of Consumer Research,Oxford University Press
Journal of Knowledge Management,Emerald Publishing
Materials and Design,Elsevier
Molecular Biology and Evolution,Oxford University Press
Particle and Fibre Toxicology,Springer Nature
Blood Cancer Journal,Springer Nature
Communication Research,SAGE
Current Psychiatry Reports,Springer Nature
Dialogues in Clinical Neuroscience,Taylor & Francis
Engineering with Computers,Springer Nature
Information Sciences,Elsevier
Journal of Child Psychology and Psychiatry and Allied Disciplines,Wiley-Blackwell
Journal of Dental Research,SAGE
Journal of Destination Marketing and Management,Elsevier
Journal of Environmental Management,Elsevier
Journal of Photochemistry and Photobiology B: Biology,Elsevier
Neuroscience and Biobehavioral Reviews,Elsevier
Photoacoustics,Elsevier
Psychiatry Research,Elsevier
Research,American Association for the Advancement of Science
Trends in Parasitology,Elsevier
Annual Review of Criminology,Annual Reviews Inc.
BioScience,Oxford University Press
Chemosphere,Elsevier
Comprehensive Physiology,Wiley-Blackwell
Current Opinion in Environmental Science and Health,Elsevier
eScience,Elsevier
European Journal of Teacher Education,Taylor & Francis
Haematologica,Ferrata Storti Foundation
Journal of Cell Biology,Rockefeller University Press
Microbes and Infection,Elsevier
Science and Technology of Advanced Materials,Taylor & Francis
Current Opinion in Green and Sustainable Chemistry,Elsevier
Environmental Science: Nano,Royal Society of Chemistry
Journal of Purchasing and Supply Management,Elsevier
Nano Research Energy,Tsinghua University Press
Nanobiomedicine,SAGE
Reports in Mechanical Engineering,Regional Association for Security and crisis management
Review of Research in Education,SAGE
Sustainable Materials and Technologies,Elsevier
Thrombosis Research,Elsevier
Alkaloids: Chemistry and Biology,Elsevier
Cognitive Systems Research,Elsevier
Critical Reviews in Microbiology,Taylor & Francis
Environmental Innovation and Societal Transitions,Elsevier
European urology oncology,Elsevier
Human-centric Computing and Information Sciences,Korea Information Processing Society
IEEE Transactions on Mobile Computing,IEEE
IEEE Transactions on Multimedia,IEEE
Journal of Communications and Networks,Korean Institute of Communications Information Sciences
Liver International,Wiley-Blackwell
Review of Asset Pricing Studies,Oxford University Press
Review of Environmental Economics and Policy,University of Chicago Press
Separation and Purification Reviews,Taylor & Francis
Solar Energy,Elsevier
Stem cells translational medicine,Oxford University Press
Advanced Materials Technologies,Wiley-Blackwell
Australasian Marketing Journal,SAGE
Cold Spring Harbor Perspectives in Medicine,Cold Spring Harbor Laboratory Press
Food Reviews International,Taylor & Francis
International Journal of Rock Mechanics and Minings Sciences,Elsevier
"Journal of Cachexia, Sarcopenia and Muscle",Wiley-Blackwell
Journal of Industrial Ecology,Wiley-Blackwell
Med,Elsevier
Modern Pathology,Springer Nature
Pulmonology,Elsevier
Reviews in Endocrine and Metabolic Disorders,Springer Nature
Advances in Physics: X,Taylor & Francis
"Astrophysical Journal, Supplement Series",American Astronomical Society
Brain Stimulation,Elsevier
Clinical Nutrition,Elsevier
Food Packaging and Shelf Life,Elsevier
Geoderma,Elsevier
Journal of Nuclear Medicine,Society of Nuclear Medicine and Molecular Imaging
Journal of World Business,Elsevier
Molecular Ecology Resources,Wiley-Blackwell
Stroke,American Heart Association
American Economic Journal: Applied Economics,American Economic Association
Biochar,Springer Nature
Biotechnology Reports,Elsevier
Cellular and Molecular Life Sciences,Springer Nature
Current Directions in Psychological Science,SAGE
Current Opinion in Structural Biology,Elsevier
Electrochimica Acta,Elsevier
European Respiratory Review,European Respiratory Society
International Journal of Engineering Science,Elsevier
Journal of Advances in Modeling Earth Systems,Wiley-Blackwell
Journal of Environmental Sciences,IOS Press
Journal of Vocational Behavior,Elsevier
Molecular and Cellular Proteomics,Elsevier
Production Planning and Control,Taylor & Francis
Science China Life Sciences,Science Press
Small Business Economics,Springer Nature
Tourism Management Perspectives,Elsevier
Tourism Review,Emerald Publishing
Transportation Research Part B: Methodological,Elsevier
ACS Photonics,American Chemical Society
Applied Surface Science,Elsevier
Biological Research,Springer Nature
Cell Reports Medicine,Elsevier
Health systems in transition,"Regional Office for Europe, World Health Organization"
IEEE Transactions on Robotics,IEEE
International Journal of Project Management,Elsevier
International Journal of Systems Science: Operations and Logistics,Taylor & Francis
Journal of Catalysis,Elsevier
Journal of Environmental Informatics,International Society for Environmental Information Sciences
Journal of Materiomics,Chinese Ceramic Society
Plant Communications,Elsevier
Separation and Purification Technology,Elsevier
Soil and Tillage Research,Elsevier
Solar Energy Materials and Solar Cells,Elsevier
Academy of Management Perspectives,Academy of Management
Alcohol research : current reviews,National Institute on Alcohol Abuse and Alcoholism (NIAAA)
Biomedicine and Pharmacotherapy,Elsevier
Computer Assisted Language Learning,Taylor & Francis
Critical Care Medicine,Wolters Kluwer Health
Depression and Anxiety,Hindawi
Expert Systems with Applications,Elsevier
IEEE Transactions on Cognitive Communications and Networking,IEEE
International Journal of Behavioral Nutrition and Physical Activity,Springer Nature
Journal of Gastroenterology,Springer Nature
Journal of Innate Immunity,Karger
Journal of Research in Interactive Marketing,Emerald Publishing
Journal of Telemedicine and Telecare,SAGE
Meat Science,Elsevier
Methods in Ecology and Evolution,Wiley-Blackwell
Molecular Metabolism,Elsevier
Nutrition Research Reviews,Cambridge University Press
Psychological Methods,American Psychological Association
Reliability Engineering and System Safety,Elsevier
Ultrasound in Obstetrics and Gynecology,Wiley-Blackwell
Advanced Fiber Materials,Springer Nature
Cell Stress,Shared Science Publishers OG
Contemporary Educational Psychology,Elsevier
Current Opinion in Immunology,Elsevier
Decision Support Systems,Elsevier
Ecosystem Services,Elsevier
Environmental Science and Ecotechnology,Elsevier
Fuel Processing Technology,Elsevier
IEEE Transactions on Services Computing,IEEE
Implementation Science,Springer Nature
Materials Today Energy,Elsevier
npj 2D Materials and Applications,Springer Nature
npj Flexible Electronics,Springer Nature
OncoImmunology,Taylor & Francis
Pain,Wolters Kluwer Health
Science Signaling,American Association for the Advancement of Science
Sustainable Production and Consumption,Elsevier
Applied Materials Today,Elsevier
BioDrugs,Springer Nature
Clinical Immunology,Elsevier
Computerized Medical Imaging and Graphics,Elsevier
Construction and Building Materials,Elsevier
Digest of Technical Papers - IEEE International Solid-State Circuits Conference,
Energy and Built Environment,KeAi Communications Co.
IEEE Transactions on Knowledge and Data Engineering,IEEE
JHEP Reports,Elsevier
Journal of Cheminformatics,Chemistry Central
Journal of Organizational Behavior,Wiley-Blackwell
Neurology,Wolters Kluwer Health
Neurology: Neuroimmunology and NeuroInflammation,Wolters Kluwer Health
Plant Physiology,American Society of Plant Biologists
Radiology: Artificial Intelligence,Radiological Society of North America Inc.
Safety Science,Elsevier
Structural Health Monitoring,SAGE
"Transportation Research, Part A: Policy and Practice",Elsevier
Vehicular Communications,Elsevier
World Journal of Emergency Surgery,Springer Nature
Analytical Chemistry,American Chemical Society
