PrintISSN,EISSN,Title,Publisher
,2405819X,International Journal of the Cardiovascular Academy,Galenos Yayincilik
14077841,25929356,Cels,University of Latvia Press
1458526X,,Studia Fennica Historica,Suomalaisen Kirjallisuuden Seura
2215910X,20275692,Suma de Negocios,Fundación Universitaria Konrad Lorenz
2077429X,20774303,Risk Governance and Control: Financial Markets and Institutions,Virtus Interpress
,21464138,International Journal of Economics and Financial Issues,Econjournals
3550311,27371662,Kalevalaseuran Vuosikirja,Suomalaisen Kirjallisuuden Seura
,21464405,International Review of Management and Marketing,Econjournals
12351946,,Studia Fennica Folkloristica,Suomalaisen Kirjallisuuden Seura
18108601,23122722,"Corporate Board: Role, Duties and Composition",Virtus Interpress
,27719855,ACS Applied Optical Materials,ACS American Chemical Society
,25787616,Heat Treatment and Surface Engineering,Informa:  Taylor & Francis
12351938,,Studia Fennica Linguistica,Suomalaisen Kirjallisuuden Seura
,26251825,Organic Materials,Thieme:  Georg Thieme Verlag
,27719316,Precision Chemistry,ACS American Chemical Society
,26289725,Chemistry-Methods,Wiley-Blackwell:  Wiley-VCH
26599139,26599198,"Veredes, Arquitectura y Divulgacion",Alberto Alonso Oro
,19834195,Revista IBRACON de Estruturas e Materiais,IBRACON - Instituto Brasileiro do Concreto
8541272,2614171X,Al-'Adalah,Universitas Islam Negeri Raden Intan Lampung
14585278,,Studia Fennica Litteraria,Suomalaisen Kirjallisuuden Seura
13353314,13387154,Vojenska Historia,Vojensky historicky ustav
25802240,25802259,Jurnal Ilmiah Ilmu Terapan Universitas Jambi,Universitas Jambi
7947410,,Journal of Community Medicine and Primary Health Care,Association of Public Health Physicians of Nigeria
2277954X,22779167,Indian Journal of Neurosurgery,Thieme Medical Publishers
,26737256,Photochem,MDPI Multidisciplinary Digital Publishing Institute
732540,2670014X,Historiallinen Arkisto,Suomalaisen Kirjallisuuden Seura
,27087212,Archivos Peruanos de Cardiologia y Cirugia Cardiovascular,Instituto Nacional Cardiovascular INCOR
,26737167,Physchem,MDPI Multidisciplinary Digital Publishing Institute
,26736918,Compounds,MDPI Multidisciplinary Digital Publishing Institute
19057725,29850959,New English Teacher,"Theodore Maria School of Arts, Assumption University"
,19835213,Revista Ibero-Americana de Ciencia da Informacao,Universidade de Brasilia
24104981,25081055,"Journal of Advocacy, Research and Education",Centre for Behaviour and Wellness Advocacy
,21847770,New Trends in Qualitative Research,Ludomedia
,26752719,Onomastica desde America Latina,Western Parana State University
,26587734,Galactica Media: Journal of Media Studies,Limited Liability Company Scientific Industrial Enterprise ?Genesis. Frontier. Science?
16965868,23410906,Miscelanea de Estudios Arabes y Hebraicos Seccion Arabe-Islam,Universidad de Granada
25447238,26574381,Logopaedica Lodziensia,Lodz University Press
10086706,,Chinese Journal of Primary Medicine and Pharmacy,Chinese Medical Association
23391162,25501011,Jurnal Arbitrer,Masyarakat Linguistik Indonesia (MLI) Universitas Andalas
,2673401X,Organics,MDPI Multidisciplinary Digital Publishing Institute
1622897,23271485,California History ,University of California Press
,27719197,iEnergy,Tsinghua University Press
3724123,24158860,Ukrainian Botanical Journal,"Other: Akademperiodyka Publishing House, NAS of Ukraine"
23535164,24500798,Prace Literaturoznawcze,Wydawnictwo Uniwersytetu Warmi?sko-Mazurskiego w Olsztynie
,26924609,DEN Open,Wiley-Blackwell
,27724859,"BenchCouncil Transactions on Benchmarks, Standards and Evaluations","KeAi Communications Co., Ltd."
16716841,,Journal of Zhengzhou University- Natural Science,Editorial Department of Journal of Zhengzhou University
,27710378,Ocean-Land-Atmosphere Research,American Association for the Advancement of Science (AAAS)
3540766,,Croatian Sports Medicine Journal,Croatian Olympic Committee
19927479,26176211,Anbar Journal of Agricultural Sciences,University Of Anbar
1658631X,23214856,Saudi Journal of Medicine and Medical Sciences,Wolters Kluwer: Medknow Publications
23224150,22520317,Journal of Dental Materials and Techniques,Mashhad University of Medical Sciences
25877755,2588042X,Russian Journal of Operative Surgery and Clinical Anatomy,Media Sfera
20726406,23095156,Russian Stomatology,Media Sphera Publishers
2713069X,27130703,National Health Care (Russia),I.M. Sechenov First Moscow State Medical University of the Ministry of Health of the Russian Federation (Sechenov University)
25876821,26869918,Russian Medical Inquiry,LLC «Meditsina-Inform»
27132552,27825671,Clinical Review for General Practice,LLC 'MMA 'MediaMedika'
23137053,2713055X,Obozrenie Psihiatrii i Medicinskoj Psihologii Imeni V.M. Bekhtereva,Federal State Budget Scientific Institution National Medical Research Center for Psychiatry and Neurology n.a. V.M. Bekhterev Ministry of Health of th
,29497523,Gastroenterology and Endoscopy,KeAI Publishing Group
20266790,23436921,Postgraduate Medical Journal of Ghana,Ghana College of Physicians and Surgeons
1005202X,,Chinese Journal of Medical Physics,Editorial Department of Chinese Journal of Medical Physics
16723538,,Journal of Fungal Research,Editorial Department of Journal ofFungal Research
,25820478,Journal of Contemporary Orthodontics,IP Innovative Publication Pvt. Ltd.
,25704206,ChemSystemsChem,Wiley-Blackwell:  Wiley-VCH
,27024288,Applied Research,Wiley-Blackwell:  Wiley-VCH
,28323637,Chemical and Biomedical Imaging,ACS American Chemical Society
,29498392,Sustainable Chemistry for the Environment,Elsevier
,2949754X,Materials Today Catalysis,Elsevier:  Academic Press
,27307727,Discover Materials,Springer
,29499178,Journal of Alloys and Metallurgical Systems,Elsevier
,26737248,Textiles,MDPI Multidisciplinary Digital Publishing Institute
21662681,26900408,Journal of Interdisciplinary Studies in Education,STAR Scholars
0073277X,,Historyka. Studies in Historical Methods,Polska Akademia Nauk
2233470X,22885072,Korean Journal of International Studies,Sang-Hwan Lee
,26992337,Journal of Family Research,University of Bamberg Press
20098618,20098782,Cardiovascular Innovations and Applications,Compuscript
,27665526,NEJM Evidence,Massachussetts Medical Society
13311611,18464068,KoG,Croatian Society for Geometry and Graphics
,28312597,Water Emerging Contaminants and Nanoplastics,OAE Publishing Inc.
,28345495,Seed Biology,Maximum Academic Press
18473466,18489923,Croatian Journal of Food Science and Technology,Faculty of Food Technology Osijek
,18048137,Casopis Zdravotnickeho Prava a Bioetiky,Institute of State and Law of the Czech Academy of Sciences
9720979,9744517,Applied Biological Research,ACS Publisher
,13063030,International Electronic Journal of Mathematics Education,Modestum LTD
,15599035,Journal of Language and Literacy Education,"University of Georgia, College Education"
1335596,15880230,Cardiologia Hungarica,Rosegger Ltd. member of the Promenade Publishing House
,18666124,Eludamos,Septentrio Academic Publishing
,19201818,Canadian Journal of Applied Linguistics,UNB Centre for Digital Scholarship
,20428812,Journal of Surgical Case Reports,Oxford University Press
,21496447,Nuclear Medicine Seminars,Galenos Yayincilik
,22042482,Journal of Philosophy in Schools,University of Birmingham Library Services
13876570,22150099,Social Indicators Research Series,Springer
1300686X,22978747,Mathematical and Computational Applications,MDPI Multidisciplinary Digital Publishing Institute
23094605,23094613,South Sudan Medical Journal,Health and Social Sciences Research Institute - South Sudan (HSSRI-SS)
213020,23256672,Italica,University of Illinois Press
10827161,23288612,Journal of Appalachian Studies,University of Illinois Press
,23365447,Evropsky Politicky a Pravni Diskurz,"BEROSTAV DRU?STVO Vlastislavova 562/15, 140 00, Praha 4 ? Nusle"
,23409290,Cuadernos de Politica Criminal,Dykinson
23944781,23944994,Indian Journal of Clinical Anaesthesia,IP Innovative Publication Pvt. Ltd.
17299721,24132659,Lengua y Sociedad,Universidad Nacional Mayor de San Marcos
0212260X,24448192,Bolleti de la Societat d'Historia Natural de les Balears,Societat d'Història Natural de les Balears
10000526,,Meteorological Monthly,China Meteorological Press
10008527,,Geoscience,China University of Geosciences
20839782,24500976,Adam Mickiewicz University Law Review,Faculty of Law and Administration Adam Mickiewicz University
,24588989,Natural and Engineering Sciences,Prof. Dr. Cemal Turan
,24774685,Indonesian Journal of Clinical Pathology and Medical Laboratory,Indonesian Association of Clinical Pathology and Laboratory Medicine
8544603,25023209,Al-Ahkam,Universitas Islam Negeri Walisongo Semarang
23564512,25030841,Brawijaya Law Journal,"Faculty of Law, Universitas Brawijaya"
16057295,25221175,Ukrainian Therapeutical Journal,Private Enterprise INPOL LTM
10014497,,Chinese Journal of Thoracic and Cardiovascular Surgery,Chinese Medical Journals Publishing House Co.Ltd
20851618,25281658,De Jure: Jurnal Hukum dan Syar'iah,Maulana Malik Ibrahim State Islamic University of Malang
10011439,,Journal of Clinical Cardiology,"Publishing House,Union Hospital,Wuhan"
1412436X,25409522,Al-Risalah: Forum Kajian Hukum dan Sosial Kemasyarakatan,Fakultas Syariah UIN Sulthan Thaha Saifuddin Jambi
,25656120,Open Journal of Astrophysics,Maynooth Academic Publishing
25801163,25809776,Amerta Nutrition,Universitas Airlangga
25884883,25886169,Journal of Horticulture and Postharvest Research,University of Birjand
25894420,25894439,Brill Research Perspectives in Popular Culture,Brill
25899198,25899201,International Journal of Divination and Prognostication,Brill
26208075,26208083,El-Usrah,"Islamic Family Law Department, Sharia and Law Faculty, Universitas Islam Negeri Ar-Raniry, Banda Aceh, Indonesia"
26340968,26340976,Air and Space Power Review,Royal Air Force
,26512661,Journal of Turkish Society for Rheumatology,Galenos Yayincilik
26549255,26560461,Jambura Law Review,Universitas Negeri Gorontalo
19976682,26639130,Revista Oficial del Poder Judicial,Marco Lovon
3551768,26702401,Suomalaisen Kirjallisuuden Seuran Toimituksia,Suomalaisen Kirjallisuuden Seura
5626129,26702584,Tietolipas,Suomalaisen Kirjallisuuden Seura
732559,26703866,Historiallisia Tutkimuksia,Suomalaisen Kirjallisuuden Seura
16616,,Acta Palaeontologica Sinica,Chinese Academy of Sciences
10000690,,Dili Kexue,Science Press (Kexue Chubanshe)
,26735210,Frontiers in Future Transportation,Frontiers Media S.A.
,26737140,Stresses,MDPI Multidisciplinary Digital Publishing Institute
10074929,,Water Saving Irrigation,The Editorial Office Of Water Saving Irrigation
,26737515,Frontiers in Tropical Diseases,Frontiers Media S.A.
,26738740,Frontiers in Radiology,Frontiers Media S.A.
,26738783,Biomass (Switzerland),MDPI Multidisciplinary Digital Publishing Institute
,26738880,Frontiers in Nuclear Medicine,Frontiers Media S.A.
,26739828,Frontiers in Urology,Frontiers Media S.A.
,26740826,Frontiers in Ophthalmology,Frontiers Media S.A.
,26873532,Turkish Journal of Child and Adolescent Mental Health,Galenos Yayincilik
,26889277,European Journal of Materials,Informa:  Taylor & Francis
26893967,26893975,Journal of Machine Learning for Modeling and Computing,Begell House
26900998,26901005,Probability and Mathematical Physics,Mathematical Sciences Publishers
,27048012,European Journal of Privacy Law and Technologies,Suor Orsola Benincasa Università Editrice
27150941,27150968,Journal of Law and Legal Reform,Universitas Negeri Semarang (UNNES)
27215032,27215040,Journal of Islamic Law,Institut Agama Islam Negeri (IAIN) Pontianak
27219976,27219984,Heart Science Journal,Universitas Brawijaya
,27241890,Ricerche Ellenistiche,Fabrizio Serra Editore
,27313786,"Journal of Anesthesia, Analgesia and Critical Care",Springer:  BioMed Central (BMC)
13004387,27575004,Community and Physician,Turkish Medical Association
,27681696,Battery Energy,Wiley-Blackwell
,27692558,Psychiatry and Clinical Neurosciences Reports,Wiley-Blackwell
27694879,27694887,Journal of Postsecondary Student Success,Florida State Open Publishing
,27696456,MedComm - Future Medicine,Wiley-Blackwell
,27696715,Frontiers of Mathematical Finance,American Institute of Mathematical Sciences
,27714683,Food Materials Research,Maximum Academic Press
,27726835,Energy Storage and Saving,KeAI Publishing Group
,27729478,iLIVER,Elsevier
,27731839,Nuclear Analysis,KeAI Publishing Group
,27754952,Journal of Public Health and Pharmacy,Pusat Pengembangan Teknologi Informasi dan Jurnal Universitas Muhammadiyah Palu
,28082591,Indonesian Journal of Socio-Legal Studies,FHUI Press (Badan Penerbit FHUI)
,28130146,Frontiers in Health Services,Frontiers Media S.A.
27834913,28211677,Journal of Codicology and Manuscript Research,The Scientific Association of Manuscript Research and Codicology of IRAN
25229680,,Phytotherapy Journal,Publishing House 'Helvetica'
16731506,,China Offshore Oil and Gas,Editorial Board of China Offshore Oil and Gas
29424801,29424828,De Gruyter Proceedings in Mathematics,Walter de Gruyter
20972563,29497132,Cancer Pathogenesis and Therapy,Elsevier
,29499119,Farming System,Elsevier
,29499291,Biogeotechnics,KeAI Publishing Group
,29534860,"Salud, Ciencia y Tecnologia - Serie de Conferencias","Editorial Salud, Ciencia y Tecnología"
9331883,1865939X,Sociolinguistica,Walter de Gruyter
18795196,1879520X,Children?s Well-Being: Indicators and Research,Springer
,2651205X,Maritime Technology and Research,Kasetsart University
27550761,2755077X,Digital Transformation and Society,Emerald
,2965730X,Journal of Lifestyle and SDG'S Review,ALUMNI IN
22174478,22174605,Biologia Nyssana,"University of Niš, Faculty of Sciences and Mathematics"
,26970643,Cuadernos de Estudios del Siglo XVIII,University of Oviedo
,26670267,JID Innovations,Elsevier
,27729060,Oral Oncology Reports,Elsevier
27307328,27307336,"Gender, Development and Social Change",Springer:  Palgrave Macmillan
27094723,27722724,Chip,Elsevier
26623447,26623455,Learning and Analytics in Intelligent Systems,Springer
,24087920,African Journal of Applied Research,Academy and Industry Research Collaboration Center
11203404,2035357X,Paradigmi,Societa Editrice il Mulino
5806712,19896166,Monteagudo,Universidad de Murcia
20399898,22814485,EQA,University of Bologna
,26667916,Cleaner Production Letters,Elsevier
26670135,26670127,Implementation and Replication Studies in Mathematics Education,Brill
,27726096,BJA Open,Elsevier
,26669102,JDS Communications,Elsevier
25911201,,Dileme: Razprave o Vprasanjih Sodobne Sovenske Zgodovine,Študijski center za narodno spravo
22815643,22839437,Petrarchesca,Fabrizio Serra Editore
11107642,27355039,Ain Shams Dental Journal,Ain Shams University
,23832754,Journal of Research in Dental and Maxillofacial Sciences,Islamic Azad University
,24237582,Avicenna Journal of Dental Research,Hamadan University of Medical Sciences
2333522X,29579538,Human-Animal Interactions,CABI
8733015,1647662X,"Millenium - Journal of Education, Technologies, and Health",Instituto Politécnico de Viseu
,29499194,Soil and Environmental Health,Elsevier
,29943191,Journal of Management World,Larry Meredith
2731636X,27316378,Critical Cultural Studies of Childhood,Springer:  Palgrave Macmillan
12066516,28315081,Journal of Finnish Studies,University of Illinois Press
2724573X,27851311,Quaderni di Storia Religiosa Medievale,Societa Editrice il Mulino
20884443,25800698,Jurnal Kajian Bali,Udayana University
,27568210,Journal of Advanced Research in Micro and Nano Engineering,Akademia Baru Publishing
,26246120,Signals,MDPI Multidisciplinary Digital Publishing Institute
19984456,24117773,Al-Qadisiyah Journal for Engineering Sciences,University of AL-Qadisiyah
18590020,26325330,Journal of Economics and Development,Emerald
26631334,26631342,Machinery and Energetics,National University of Life and Environmental Sciences of Ukraine
,26734052,Automation,MDPI Multidisciplinary Digital Publishing Institute
428469,22174753,Military Technical Courier,University of Defence in Belgrade
,2789634X,Journal of Studies in Science and Engineering,EngiScience Publisher
,25629034,International Conference on Thermal Engineering,Toronto Metropolitan University
19834713,21763275,Revista Brasileira de Historia da Ciencia,Sociedade Brasileira de História da Ciência
25900013,21983534,Bandung: Journal of the Global South,Brill
27241394,27241572,Knowledge Hegemonies in the Early Modern World,Fondazione Università Ca' Foscari
11958472,1929400X,Canadian Military History,LCSC Wilfrid Laurier Unviersity
29745276,29745748,Disclosing Collections,Fondazione Università Ca' Foscari
25892517,25892525,Secular Studies,Brill
27246620,27848507,"Fonti, Letterature, Arti e Paesaggi d?Europa",Fondazione Università Ca' Foscari
25899988,25899996,International Journal of Islam in Asia,Brill
24440809,2792176X,Studia Hegeliana,Universidad de Málaga
26669765,26669773,Comparative Political Theory,Brill
2225756X,22271295,Nauchnyi Dialog,Tsentr nauchnykh i obrazovatelnykh proektov
19424558,25782185,Ecumenica,Penn State University Press
,26867494,Two Centuries of the Russian Classics,A.M. Gorky Institute of World Literature of the Russian Academy of Sciences
22790748,23195541,Journal of Environmental Nanotechnology,Institute for Environmental Nanotechnology
10502092,,Traditional Dwellings and Settlements Review,International Association for the Study of Traditional Environments (IASTE)
25418297,25422421,Literary Fact,A.M. Gorky Institute of World Literature of the Russian Academy of Sciences
11217480,27857743,Spagna Contemporanea,Viella editrice
,27129934,Technology and Language,Peter the Great St. Petersburg Polytechnic University
26190311,27128512,Dostoevsky and World Culture. Philological Journal,A.M. Gorky Institute of World Literature of the Russian Academy of Sciences
9447652,,Zeitschrift fur Medizinische Ethik,Brill
26563754,26570165,Indonesian Journal of Halal Research,"Halal Center, UIN Sunan Gunung Djati Bandung"
,27738868,Journal of Architectural/Planning Research and Studies,"Faculty of Architecture and Planning, Thammasat University"
23646837,23646845,Industrial and Applied Mathematics,Springer
15630277,26174871,"KazNU Bulletin. Mathematics, Mechanics, Computer Science Series",Al-Farabi Kazakh National University
2049155,28152808,Problems of Infectious and Parasitic Diseases,National Center of Infectious and Parasitic Diseases
,23242426,Journal of Neurorestoratology,Elsevier
,26740052,Sports Psychiatry,Hogrefe Group
27377466,27377474,Zoonoses (Ireland),Compuscript
13907263,13909274,Estoa,Universidad de Cuenca
22978143,2297816X,Foundations of Materials Science and Engineering,Trans Tech Publications
,16588185,Journal of Umm Al-Qura University for Applied Sciences,Springer
25424793,25424327,Advances in Cosmetic Surgery,Elsevier
24236497,24236829,Iranian Journal of Neurosurgery,Guilan University of Medical Sciences
2302707X,25408828,Jurnal Biometrika dan Kependudukan,Universitas Airlangga
,27715965,Microbiome Research Reports,OAE Publishing Inc.
,27728927,Cell Insight,Elsevier
10274898,23043067,Nevrologicheskij Vestnik,Eco Vector LLC
,26671182,"Emerging Trends in Drugs, Addictions, and Health",Elsevier
,26344505,Environmental Research: Infrastructure and Sustainability,IoP Institute of Physics
,21932697,Environmental Systems Research,Springer
,27504867,River,Wiley-Blackwell:  Wiley-VCH
,26737086,Geographies,MDPI Multidisciplinary Digital Publishing Institute
,13139916,ZooNotes,"Plovdiv University 'Paisii Hilendarski', Bulgaria"
,27673375,PLOS Global Public Health,PLoS Public Library of Science
16918088,22559582,Environmental and Experimental Biology,The University of Latvia Press
,22092560,Journal of Biological Studies,Parnam Publication Co.
1608635X,26644479,Ukrainian Journal of Cardiology,National Scientific Center M.D. Strazhesko Institute of Cardiology
,26736616,Frontiers in Clinical Diabetes and Healthcare,Frontiers Media S.A.
27868346,27868354,Rehabilitation and Recreation,Publishing House 'Helvetica'
,29513146,Korean Journal of Community Nutrition,Korean Society of Community Nutrition
,26453835,Health Technology Assessment in Action,TUMS Tehran University of Medical Sciences
0121750X,23448393,Ingenieria (Colombia),Universidad Distrital Francisco José de Caldas
,26669986,Device,Elsevier:  Cell Press
16724747,,Journal of Transportation Engineering and Information,Southwest Jiaotong University
25233084,25233092,Sustainable Development Goals Series,Springer:  Palgrave Macmillan
,27070425,"East African Journal of Science, Technology and Innovation",East African Science and Technology Commission
1568698,22099409,Great Circle,Australian Association for Maritime History
17213673,1724045X,Fictions,Fabrizio Serra Editore
16209,,Acta Microbiologica Sinica,Acta Microbiologica Sinica Editorial Office
,26735601,Immuno,MDPI Multidisciplinary Digital Publishing Institute
10003754,,Petroleum Geology and Oilfield Development in Daqing,Editorial Department of Petroleum Geology & Oilfield Development in Daqing
10084495,,Mining Safety and Environmental Protection,Editoral Office of Mining Safety & Environmental Protection
,20731175,Centre for Applied Linguistics Research Journal,Arab Open University
18035663,25710281,Studia Slavica (Czech Republic),University of Ostrava
,26396025,Journal of Olympic Studies,University of Illinois Press
10632042,25897616,Simone de Beauvoir Studies,Brill
26629933,26629941,Why the Sciences of the Ancient World Matter,Springer
441791,24498637,Zapiski Historyczne,Towarzystwo Naukowe w Toruniu
18478050,18489117,Kroatologija,University of Zagreb
,21848645,Architecture Image Studies,AP2
23127562,26164949,Devenir (Peru),Patrick Rubin Aguilar
24054984,24054992,Journal of Japonisme,Brill
27131610,27131955,Journal of Visual Theology,Yaroslav-the-Wise Novgorod State University
27314359,27314367,Palgrave Studies in Science and Popular Culture,Springer:  Palgrave Macmillan
322970,23300841,Polish Review,University of Illinois Press
23973,2589997X,Al Abhath,Brill
2590190,23099585,Kronos: Southern African Histories,Dept of History and the Centre for Humanities Research at UWC
12301302,,Jezyk na Pograniczach,"Institute of Slavic Studies, Polish Academy of Sciences"
23523077,23523085,Asian Diasporic Visual Cultures and the Americas,Brill
3606503,21543682,Process Studies,University of Illinois Press
26332108,26332116,Journal of African Languages and Literary Studies,Adonis & Abbey Publishers
,27525082,Oxford Open Energy,Oxford University Press
25192396,2519447X,Mineralogical Journal (Ukraine),National Academy of Sciences
10988009,,Journal of the Association for Music and Imagery,Association for Music and Imagery
18709060,24486922,Estudios de Historia Novohispana,Universidad Nacional Autonoma de Mexico
22517960,24234419,Journal of Philosophical Investigations,University of Tabriz
26166275,26179822,Ukrainian Numismatic Annual,Central Ukrainian National Technical University
14126303,2549001X,Syariah: Jurnal Hukum dan Pemikiran,Antasari Islamic University
,16640136,TheoRemes,Association de la revue ThéoRèmes
222224,26915529,Visible Language,University of Cincinnati
21565414,21601267,Journal of Animal Ethics,University of Illinois Press
471542,19976720,Islas,Universidad Central 'Marta Abreu' de Las Villas
,25871862,Filistin Arastirmalari Dergisi,M Mustafa Kulu
18295746,25022075,Jurnal Pendidikan Agama Islam,Yogyakarta: Jurusan Pendidikan Agama Islam Fakultas Ilmu Tarbiyah dan Keguruan UIN Sunan Kalijaga Yogyakarta
7360770,21518009,Visual Arts Research,University of Illinois Press
28212215,28212223,Ancient Iranian Studies,Tissaphernes Archaeological Research Group
,26609037,"Clio. Revista de Historia, Ciencias Humanas y Pensamiento Critico.",Ediciones Clío
,27314642,Asian Journal of Philosophy,Springer
,7185065,Limite (Chile),Universidad de Tarapacá
,2444121X,Ademas de,Asociación de Amigos del Museo Nacional de Artes Decorativas
11123974,26006235,Traduction et Langues,University of Oran2 Mohamed Ben Ahmed
3501159,27441172,Prilozi (Bosnia and Herzegovina),University of Sarajevo - Institute of History
13068202,,Memleket: Siyaset Ve Yonetim,Yerel Yönetim Araştırma Yardım ve Eğitim Derneği (YAYED)/Local Government Research Aid and Education Association
28109090,28109104,Topics in Systems Engineering,World Scientific Publishing
12264717,22873880,Journal of Korean Institute of Communications and Information Sciences,The Korean Institute of Communications and Information Sciences (KICS)
,22876715,Journal of Ocean Engineering and Technology,The Korean Society of Ocean Engineers
20715528,25230018,Kufa Journal of Engineering,University of Kufa
25383604,25220101,International Journal of Energy and Water Resources,Springer
25201417,25201425,Economic Geography,Springer
,25909207,Poligramas,Universidad del Valle
,29568412,Raport Archeologiczny,Narodowy Instytut Dziedzictwa/National Institute of Cultural Heritage
,27729702,Energy Reviews,Elsevier
,2667095X,Renewable and Sustainable Energy Transition,Elsevier
22347658,22347666,Restorative Dentistry and Endodontics,Korean Academy of Conservative Dentistry
19182805,19182813,Gastroenterology Research,Elmer Press Inc
,23841109,Investigative Magnetic Resonance Imaging,The Korean Society of Magnetic Resonance in Medicine
,27715949,Journal of Environmental Exposure Assessment,OAE Publishing Inc.
18171869,23115270,Journal of Baghdad College of Dentistry,University of Baghdad
26347636,26347644,"African Journal of Religion, Philosophy and Culture",Adonis & Abbey Publishers
,26245558,Corrosion and Materials Degradation,MDPI Multidisciplinary Digital Publishing Institute
,26872110,Journal of Midwifery and Health Sciences,Aves Yayincilik
10188800,17285917,Acta Medica Peruana,Colegio Medico del Peru
,27304175,Engineering Access,"Faculty of Engineering, Mahasarakham University"
25422332,26868040,Nations and Religions of Eurasia,Altai State University
,21694435,Mashriq and Mahjar,North Carolina State University
25228420,25228439,Key Challenges in Geography,Springer
2864886,2432096X,Geographical Sciences,Japanese Society for Geographical Sciences
20969996,27724670,Earthquake Research Advances,KeAI Publishing Group
10018166,,Advances in Earth Science,Science Press (China)
,15438740,Sedimentary Record,Society for Sedimentary Geology (SEPM)
,20042965,Energy Proceedings,"Scanditale AB, Stockholm, Sweden"
,26736187,Frontiers in Remote Sensing,Frontiers Media S.A.
,2753801X,EES Catalysis,Royal Society of Chemistry
,2637403X,Journal of Advanced Manufacturing and Processing,Wiley-Blackwell
,26292742,Analysis and Sensing,Wiley-Blackwell:  Wiley-VCH
1201425,27111318,Boletin Geologico,Servicio Geologico Colombiano
,26736209,Macromol,MDPI Multidisciplinary Digital Publishing Institute
1203630,23573740,Boletin de Ciencias de la Tierra,Universidad Nacional de Colombia
,25897578,HydroResearch,KeAI Publishing Group
,2769643X,MedComm - Biomaterials and Applications,Wiley-Blackwell
10014810,,Carsologica Sinica,"Institute of Karst Geology,Chinese Academy of Geological Science"
10006524,,Acta Petrologica et Mineralogica,Science Press (China)
10017313,,Yingyong Qixiang Xuebao,Editorial Office of Journal of Applied Meteorological Science
22285210,23222182,Pitruluzhi,University of Isfahan
22516565,26766795,Journal of Analytical and Numerical Methods in Mining Engineering,Yazd University
,26944006,The Seismic Record,Seismological Society of America
18198058,26648172,Vidnovluvana Energetika,The Institute of Renewable energy of the National Academy of Sciences of Ukraine
1992142X,25192663,Geodynamics,Lviv Polytechnic Publishing House
21499020,26678438,Journal of Boron,"Turkish Energy, Nuclear and Mineral Research Agency"
10072322,,Modern Electric Power,Editorial Department of Modern Electric Power
25785893,25785885,Pure and Applied Analysis,Mathematical Sciences Publishers
,2624795X,GeoHazards,MDPI Multidisciplinary Digital Publishing Institute
,26734141,Hydrogen (Switzerland),MDPI Multidisciplinary Digital Publishing Institute
20958706,,Geological Survey of China,Geological Library of China
20968523,,Bulletin of Geological Science and Technology,Editorial Department of Bulletin of Geological Science and Technology
11122242,27168247,Journal of Renewable Energies,Centre de Développement des Energies Renouvelables
1682721X,27078698,Mineral Resources of Ukraine,Ukrainian Geological Company
9134182,21855943,Journal of Groundwater Hydrology,Isebu
24119636,24146013,Solar Energy and Sustainable Development,Libyan Center for Solar Energy Research and Studies
,26673932,ISPRS Open Journal of Photogrammetry and Remote Sensing,Elsevier
,26736489,Mining,MDPI Multidisciplinary Digital Publishing Institute
21998582,21998590,Energy Systems in Electrical Engineering,Springer
10071881,,Zhejiang Electric Power,Editorial Department of Zhejiang Electric Power
,24523038,Nuclear Energy and Technology,Pensoft Publishers
,26583518,Limnology and Freshwater Biology,Limnological Institute SB RAS
23059117,,Gorenie I Vzryv,Torus Press publishing house
27128008,26871513,Perm Journal of Petroleum and Mining Engineering,FSFEI HE 'Perm National Research Polytechnic University'
,19895666,Actualidad Juridica Ambiental,"Centro de Investigaciones Energéticas, Medioambientales y Tecnológicas (CIEMAT)"
666890,27194280,Archiwum Kryminologii,"Institute of Law Studies, Polish Academy of Sciences"
24678406,24678392,Journal of Sustainable Development Law and Policy,"Institute for Oil, Gas, Energy, Environment and Sustainable Development (OGEES Institute)"
20114540,2500672X,Nuevo Derecho,IVANNA CALVETE
7189389,7192150,Revista Chilena de Derecho y Ciencia Politica,Catholic University of Temuco
15105172,23011610,Revista de Derecho (Uruguay),Universidad de Montevideo
,26055244,Revista Italo-Espanola de Derecho Procesal,Marcial Pons
15841898,25593846,Revista Romana de Drept International,Association of International Law and International Relations
,27726878,Annals of Vascular Surgery: Brief Reports and Innovations,Elsevier
,26753626,Archives of Pediatric Neurosurgery,Sociedade Brasileira de Neurocirurgia Pediátrica
15160939,21781990,Arquivos em Odontologia,Universidade Federal de Minas Gerais
,27710408,Artificial Intelligence Surgery,OAE Publishing Inc.
10125973,23145226,Assiut Veterinary Medical Journal,Assiut University
24114820,2411670X,Bangladesh Journal of Infectious Diseases,Bangladesh Infection Research Association
26512343,2673060X,Chulalongkorn Medical Journal,Chulalongkorn University Press
23068787,2414360X,Clinical Infectology and Parasitology,Publishing Private Unitary Enterprise 'Professionalnye Izdaniya'
15158411,16691636,Dermatologia Argentina,Facundo Lugones
,2571726X,Dubai Medical Journal,Karger
26635909,26644231,Eastern Ukrainian Medical Journal,Sumy State University
,26669374,Forensic Science International: Animals and Environments,Elsevier
25814710,25814729,IP Indian Journal of Clinical and Experimental Dermatology,IP Innovative Publication Pvt. Ltd.
,2772963X,JACC: Advances,Elsevier
,27686566,JEADV Clinical Practice,Wiley-Blackwell
,26455390,Journal of Advanced Periodontology and Implant Dentistry,Tabriz University of Medical Sciences and Health Services
,27046494,Journal of Cancer Rehabilitation,Edisciences Publisher
,2251886X,Journal of Research on History of Medicine,Shiraz University of Medical Sciences
22969381,22969357,Kidney Diseases,Karger
,19472579,Online Journal of Public Health Informatics,JMIR Publications
,2666769X,Orthoplastic Surgery,Elsevier
18181295,26166194,Reports of Morphology,"National Pirogov Memorial Medical University, Vinnytsya"
,23623675,Revista Argentina de Reumatologia,Facundo Lugones
3255247,23469420,Revista de la Sociedad Argentina de Diabetes,Facundo Lugones
,27741079,Biomedical Sciences and Clinical Medicine,"Faculty of Medicine, Chiang Mai University"
18858619,21739218,Farmaceuticos Comunitarios,"Sociedad Española de Farmacia Clínica, Familiar y Comunitaria"
19843011,25952854,International Journal of Nutrology,ABRAN - Brazilian Association of Nutrology
25814753,25814761,IP International Journal of Medical Microbiology and Tropical Diseases,IP Innovative Publication Pvt. Ltd.
18125409,22182055,Bulletin of the Taras Shevchenko National University of Kyiv. Physics and Mathematics,Taras Shevchenko National University of Kyiv
,26738716,Dynamics,MDPI Multidisciplinary Digital Publishing Institute
,28047370,Hardy-Ramanujan Journal,Hardy-Ramanujan Society
,27724158,Journal of Computational Mathematics and Data Science,Elsevier
25202316,25202324,Mathematical Statistics and Learning,European Mathematical Society Publishing House
16155653,21976791,"Springer Series on Atomic, Optical, and Plasma Physics",Springer
,18543073,Acta Biologica Slovenica,"University in Ljubljana, Biotechnical Faculty"
,27206076,Animal Science and Genetics,Polish Society of Animal Production
5371996,2454552X,Indian Journal of Extension Education,"The Indian Society of Extension Education, New Delhi"
,2615367X,Indonesian Food Science and Technology Journal,Universitas Jambi
,25814877,International Journal of Advancement in Life Sciences Research,Dr Tarak Nath Podder Memorial Foundation
22517588,22517596,"International Journal of Agricultural Science, Research and Technology in Extension and Education Systems",Islamic Azad University
20086113,24234435,Iranian Journal of Forest,Iranian Society of Forestry
16745566,,Journal of Shanghai Ocean University,Editorial Office of Journal of Shanghai Ocean University
25121898,25121901,Microorganisms for Sustainability,Springer
,27834409,Seed and Plant Journal,Seed and Plant Improvement Institute
,26732726,Frontiers in Human Dynamics,Frontiers Media S.A.
,25040537,Frontiers in Research Metrics and Analytics,Frontiers Media S.A.
2325565X,23293764,International Journal for Research in Learning Disabilities,International Academy for Research in Learning Disabilities
,19434898,Journal of College Science Teaching,Informa:  Taylor & Francis
2588879X,25888803,Journal of Disability Studies in Education,Brill
,2562783X,Journal of Education Human Resources,University of Toronto Press
24707066,24707074,Journal of Islamic and Muslim Studies,Indiana University Press
,21586195,Journal of Learning Spaces,Journal of Learning Spaces
,26670917,Journal of Urban Mobility,Elsevier
26667177,26667185,Notebooks: The Journal for Studies on Power,Brill
3926753,27244679,Quaderni dell'Osservatorio Elettorale,Firenze University Press
,26735768,Tourism and Hospitality,MDPI Multidisciplinary Digital Publishing Institute
15125033,23038888,Bosniaca,National and University Library of Bosnia and Herzegovina
10080821,,Journal of Modern Information,Journal of Modern Information
9701052,2320317X,Library Progress International,BPAS Publications
,24425168,Record and Library Journal,Universitas Airlangga
10077588,,Resources Science,Science Press (China)
25229052,,Advanced Information Systems,National Technical University 'Kharkiv Polytechnic Institute'
26558807,26568888,APTISI Transactions on Technopreneurship,Pandawan Sejahtera Indonesia
,27729184,Cyber Security and Applications,KeAI Publishing Group
,26736470,Digital,MDPI Multidisciplinary Digital Publishing Institute
,26247852,Frontiers in Blockchain,Frontiers Media S.A.
,26341573,IET Blockchain,Wiley-Blackwell
,27703541,Intelligence and Robotics,OAE Publishing Inc.
14485869,18758819,International Journal of Hybrid Intelligent Systems,IOS Press
22528776,27222616,International Journal of Informatics and Communication Technology,Intelektual Pustaka Media Utama
27050785,27050793,Journal of Artificial Intelligence and Consciousness,World Scientific Publishing
,2716621X,Journal of Soft Computing and Data Mining,Penerbit UTHM
,29586542,Mesopotamian Journal of CyberSecurity,Mesopotamian Academic Press
,18347037,Proceedings of the Australasian Language Technology Workshop,Australasian Language Technology Association
21842841,,"Proceedings of the International Conference on Simulation and Modeling Methodologies, Technologies and Applications",SciTePress - SCIENCE AND TECHNOLOGY PUBLICATIONS
,26737078,Biomechanics (Switzerland),MDPI Multidisciplinary Digital Publishing Institute
,27706249,Complex Engineering Systems,OAE Publishing Inc.
,26737590,Future Transportation,MDPI Multidisciplinary Digital Publishing Institute
20894856,27222586,IAES International Journal of Robotics and Automation,Intelektual Pustaka Media Utama
,25763164,IEEE Journal on Miniaturization for Air and Space Systems,IEEE Institute of Electrical and Electronics Engineers
,27729915,Journal of Infrastructure Intelligence and Resilience,Elsevier
,26622521,Journal of Infrastructure Preservation and Resilience,Springer
,2706977X,Material and Mechanical Engineering Technology,NPJSC ?Abylkas Saginov Karaganda Technical University?
,26738732,Network,MDPI Multidisciplinary Digital Publishing Institute
,27723704,Power Electronic Devices and Components,Elsevier
2638647X,26386461,Proceedings in Marine Technology and Ocean Engineering,Informa:  CRC Press
,26575450,System Safety: Human - Technical Facility - Environment,Walter de Gruyter: Sciendo
,26737264,Thermo,MDPI Multidisciplinary Digital Publishing Institute
,27695247,Chemical Synthesis,OAE Publishing Inc.
20088868,22285059,International Journal of Nano Dimension,Islamic Azad University
23032111,2354886X,Jurnal Pengolahan Hasil Perikanan Indonesia,Department of Aquatic Product Technology IPB University in collaboration with Masyarakat Pengolahan Hasil Perikanan Indonesia
,27702995,Microstructures,OAE Publishing Inc.
,26734176,Polysaccharides,MDPI Multidisciplinary Digital Publishing Institute
8873224,21911959,Biology of Extracellular Matrix,Springer
,26734125,Biophysica,MDPI Multidisciplinary Digital Publishing Institute
,26664593,Brain Disorders,Elsevier
,20494173,Neurology and Clinical Neuroscience,Wiley-Blackwell
,27728013,Cleaner and Circular Bioeconomy,Elsevier
,23867418,Revista de Estudios e Investigacion en Psicologia y Educacion,Publications Service of the University of A Coruña
0102700X,22378723,Acervo,Arquivo Nacional
15059057,23531908,Acta Universitatis Lodziensis. Folia Litteraria Polonica,University of Lodz
8560056,1821889X,African Review (Tanzania),Brill
,21647747,Artivate,University of Arkansas Press
2100061,2660647X,Cuadernos para la Investigacion de la Literatura Hispanica,Fundación Universitaria Española
,27852903,Edgar Wind Journal,Bernardino Branca
29521432,20149999,Estudios Bizantinos,Universidad de Alcalá
1213628,2256358X,Estudios de Filosofia (Colombia),Universidad de Antioquia
26667703,26667711,European Journal for the History of Medicine and Health,Brill
143367,,Evangelical Quarterly: An International Review of Bible and Theology,Brill
13013289,28222903,Islam Arastirmalari Dergisi,Center for Islamic Studies of the Türkiye Diyanet Foundation
26397668,26397676,Jazz Education in Research and Practice,Indiana University Press
21662851,21662118,Journal of Moral Theology,Journal of Moral Theology
23375795,23385480,Journal of Visual Art and Design,LPPM ITB
15547000,21538433,Levinas Studies,Philosophy Documentation Center
,19701950,Mediaeval Sophia,Officina di Studi Medievali
21485631,21488134,Mutefekkir,Aksaray University Faculty of Islamic Sciences
,25364421,Online Journal of Music Sciences,Nilgün SAZAK
,21485704,Osmanli Mirasi Arastirmalari Dergisi,Abidin Temizer
16661508,18520499,Prismas: Revista de Historia Intelectual,Universidad Nacional de Quilmes
,21848661,"Rotura: Journal of Communication, Culture and Arts",Research Centre for Arts And Communication/Algarve University
17246148,18243568,"Sardinia, Corsica et Baleares Antiquae",Fabrizio Serra Editore
816485,23537515,Studia Historiae Oeconomicae,Adam Mickiewicz University in Pozna?
19719086,20353065,Tipofilologia,Fabrizio Serra Editore
,23462426,Universitas Philosophica,Pontificia Universidad Javeriana
,23586958,Urdimento,Universidade do Estado de Santa Catarina
25895737,25895745,Youth and Globalization,Brill
5147727,26713985,Ziva Antika,'Ss. Cyril and Metodius' University in Skopje
27668509,27662098,Exploration,Wiley-Blackwell
3525317,18490840,Pravni Vjesnik,"Faculty of law Osijek, University of Osijek"
,22108505,Journal of Risk Analysis and Crisis Response,"Huaxi University Town, Editorial Department of JRACR"
,26999307,Advanced NanoBiomed Research,Wiley-Blackwell:  Wiley-VCH
20884842,24428795,Jurnal Optimasi Sistem Industri,"Industrial Engineering Department, Universitas Andalas"
15623610,,fib Bulletins,fib. The International Federation for Structural Concrete
2411801X,27867374,Architectural Studies,Lviv Polytechnic National University
22292152,2697424X,Journal of Research and Applications in Mechanical Engineering,Thai Society of Mechanical Engineers
9738975,24547190,Journal of Mechanics of Continua and Mathematical Sciences,Inst. of Mechanics of Continua and Mathematical Sciences
17321948,27199975,Journal of Economics and Management (Poland),Walter de Gruyter: Sciendo
18036406,25710265,Studia Romanistica,Ostravská univerzita
1235095,23899441,Cuestiones de Filosofia,Universidad Pedagógica y Tecnológica de Colombia
,27692094,Ornamental Plant Research,Maximum Academic Press
21920923,21920931,Aviation Psychology and Applied Human Factors,Hogrefe Group:  Hogrefe
,20730438,Journal of Corporate Finance Research,National Research University Higher School of Economics
,27673812,Forestry Research,Maximum Academic Press
25208411,2520842X,"Journal of Economics, Race, and Policy",Springer
,10038035,Chinese Journal of Geological Hazard and Control,Editorial Office of The Chinese Journal of Geological Hazards and Control
,27691675,Grass Research,Maximum Academic Press
,26670062,Soil Security,Elsevier
,27725723,Gastro Hep Advances,Elsevier
,27729737,Continence,Elsevier
,23603445,Anthropological Researches and Studies,Francisc I. Rainer Institute of Anthropology
19936508,26871394,Regional Anesthesia and Acute Pain Management,Eco-Vector LLC
16086228,25419544,Kuban Scientific Medical Bulletin,Kuban State Medical University
1361449,26871408,Permskij Medicinskij Zurnal,Eco Vector LLC
,26671379,Advances in Redox Research,Elsevier
,26736772,Parasitologia,MDPI Multidisciplinary Digital Publishing Institute
,1958573X,Physio-Geo,Claude MARTIN
,27730492,Hygiene and Environmental Health Advances,Elsevier
22203095,26188627,Journal of Clinical Practice,Eco Vector LLC
,27730654,AJPM Focus,Elsevier
,27726533,Dialogues in Health,Elsevier
,25258184,Historia Economica e Historia de Empresas,Associação Brasileira dos Pesquisadores em História Econômica
26846748,26569825,Indonesian Journal of Medical Laboratory Science and Technology,Universitas Nahdlatul Ulama Surabaya
,26737647,Frontiers in Bioinformatics,Frontiers Media S.A.
24605824,20864639,Jurnal Pengelolaan Sumberdaya Alam dan Lingkungan,Pusat Penelitian Lingkungan Hidup - Lembaga Penelitian dan Pengabdian Kepada Masyarakat Institut Pertanian Bogor (PPLH-LPPM IPB)
18131646,26640597,Tikrit Journal for Agricultural Sciences,Tikrit University
,29807891,Epidemiology and Health System Journal,Shahrekord University of Medical Sciences
2786720X,27867218,Family Medicine. European Practices,Publishing House Professional-Event
,25881582,North African Journal of Food and Nutrition Research,Lab-NuPABS
15602206,23092491,NAMMCO Scientific Publications,Septentrio Academic Publishing
1815316X,22249796,Mesopotamia Journal of Agriculture,College of Agriculture and Forestry / University of Mosul
2636154X,26361558,International Journal of Heart Failure,the Korean Society of Heart Failure
21989842,21989850,Studies in the History of Law and Justice,Springer
,26734389,Livers,MDPI Multidisciplinary Digital Publishing Institute
,22797483,Veins and Lymphatics,PAGEPress
348597,16097394,Revista de Neuro-Psiquiatria,Universidad Peruana Cayetano Heredia
,26737426,BioMedInformatics,MDPI Multidisciplinary Digital Publishing Institute
20594755,20594763,Journal of 3D Printing in Medicine,Future Science Group:  Future Medicine
16745760,,Chinese Journal of Orthodontics,Chinese Medical Journals Publishing House Co.Ltd
20934378,20934386,Journal of Korean Society of Spine Surgery,Korean Society of Spine Surgery
16256484,16274784,Pedagogie Medicale,EDP Sciences
23018046,25407872,Indonesian Journal of Occupational Safety and Health,Universitas Airlangga
27867315,27867323,Health of Man,Publishing House Professional-Event
,25829912,Asian Journal of Statistical Sciences,ARF India
26199653,26199653,Universal Journal of Mathematics and Applications,Prof. Dr Emrah Evren Kara
10049479,,World Regional Studies,Editorial Department of World Regional Studies
,26736497,Solids,MDPI Multidisciplinary Digital Publishing Institute
,2624781X,Reactions,MDPI Multidisciplinary Digital Publishing Institute
181005,,Hesperis-Tamuda,Mohamed V University
19740565,2037738X,PASIPHAE,Fabrizio Serra Editore
19066244,25869620,Journal of International Buddhist Studies,Mahachulalongkornrajavidyalaya University
,24141399,EAI Endorsed Transactions on Internet of Things,European Alliance for Innovation
,26436817,ACM Transactions on Quantum Computing,ACM Association for Computing Machinery
,29564581,Journal of Kinesiology and Exercise Sciences,Akademia Wychowania Fizycznego im. Bronis?awa Czecha w Krakowie
27833623,27831272,Journal of Applied Organometallic Chemistry,Sami Publishing Company
,26733978,Electronic Materials,MDPI Multidisciplinary Digital Publishing Institute
18297285,2540881X,Jurnal Kesehatan Lingkungan,Universitas Airlangga
305987,25181882,"Orthopaedics, Traumatology and Prosthetics",Sytenko Institute of Spine and Joint Pathology National Ukrainian Academy of Medical Sciences
25766392,25766406,Capitalism,University of Pennsylvania Press
19473370,2165266x,Eudora Welty Review,University of Pennsylvania Press
2567504,24115959,Southern African Journal of Environmental Education,EEASA
,26665921,Natural Hazards Research,"KeAi Communications Co., Ltd."
20954239,,Energy Storage Science and Technology,"Chemical Industry Press Co., Ltd."
,27727831,Cleaner Energy Systems,Elsevier
2546124,,Chinese Journal of Space Science,Science Press (China)
27073521,27089134,Liaquat National Journal of Primary Care,Liaquat National Hospital and Medical College
26169819,26169827,Rwanda Journal of Medicine and Health Sciences,University of Rwanda
24768642,25366149,Annals of Health Research,"Medical and Dental Consultants Association of Nigeria, OOUTH Chapter"
,27732304,Rock Mechanics Bulletin,KeAI Publishing Group
11210303,,Geschichte und Region / Storia e Regione,Studienverlag
2519058X,26642735,East European Historical Bulletin,Drohobych Ivan Franko State Pedagogical University
27831442,27173453,Journal of Fuzzy Extension and Applications,Research Expansion Alliance
1790986,,De Gruyter Studies in Mathematics,Walter de Gruyter
26793873,27066274,International Review of Public Policy,International Public Policy Association
,26876442,Florence Nightingale Journal of Nursing,Aves Yayincilik
1794631X,25005782,Revista de Investigaciones Universidad del Quindio,Universidad del Quindío
,26317877,Organization Theory,Sage
20739524,23108746,Diyala Agricultural Sciences Journal,College of Agriculture - University of Diyala
26932229,,Occasional Papers on Religion in Eastern Europe,George Fox University Library
13040057,26022117,Litera (Turkey),Istanbul University Press
26174162,26174170,Social and Legal Studios,Lviv State University of Internal Affairs
,13393995,Studia Iuridica Cassoviensia,"Pavol Jozef Safarik University in Kosice, Faculty of Law"
23033827,2477815X,Jurnal IUS Kajian Hukum dan Keadilan,University of Mataram
16917677,25929364,Law: Journal of the University of Latvia,University of Latvia Press
26663570,26663589,Global Privacy Law Review,Wolters Kluwer:  Kluwer Law
15774430,19897332,"CIRIEC-Espana, Revista Juridica de Economia Social y Cooperativa","Centro Internacional de Investigación e Información sobre la Economía Pública, Social y Cooperativa"
,26737051,Adolescents,MDPI Multidisciplinary Digital Publishing Institute
,26179148,Journal of Audiovisual Translation,European Association for Studies in Screen Translation
22262008,,Odesa Medical Journal,Odesa National Medical University
,26375974,Journal of Psychosocial Oncology Research and Practice,Wolters Kluwer:  Lippincott Williams and Wilkins
,27526542,PNAS Nexus,Oxford University Press
13006525,21490880,Journal of Ear Nose Throat and Head Neck Surgery,Türkiye Klinikleri - Ortadogu Reklam Tanitim Yayincilik Turizm Egitim Insaat Sanayi ve Ticaret A.S.
,19257066,International Journal of Alcohol and Drug Research,Kettil Bruun Society for Social and Epidemiological Research on Alcohol
,25619128,JMIR Perioperative Medicine,JMIR Publications
,21843023,Revista Portuguesa de Enfermagem de Reabilitacao,Associação Portuguesa dos Enfermeiros de Reabilitação
23221399,25883739,Journal of Medicinal Plants and By-Products,Iranian Medicinal Plants Society
,26899655,Computational and Systems Oncology,Wiley-Blackwell
9702997,25837583,Indian Journal of Animal Reproduction,ACS Publisher
,26740109,Frontiers in Network Physiology,Frontiers Media S.A.
,27305066,Agrociencia Uruguay,Universidad de la República
26674947,26675080,Turkish Journal of Vascular Surgery,Turkish National Vascular and Endovascular Surgery Society
,26673193,Journal of Government and Economics,Elsevier
25912240,25912259,Central European Public Administration Review,"University of Ljubljana, Faculty of Public Administration"
25147641,2514765X,Journal of Participation and Employee Ownership,Emerald
22557563,22560173,Economics and Culture,Walter de Gruyter: Sciendo
26766868,26764938,Journal of Chemical Reviews,Sami Publishing Company
,27695441,Soft Science,OAE Publishing Inc.
19918631,1997342X,International Journal of Biological and Chemical Sciences,International Formulae Group
8719527,21837937,CADMO,Centre for History of the University of Lisbon
,25253824,Revista Interdisciplinar de Ciencia Aplicada,Universidade de Caxias do Sul
,26736357,Hemato,MDPI Multidisciplinary Digital Publishing Institute
23131934,27692795,Ibrain,Wiley-Blackwell:  Wiley-VCH
,27314383,Discover Mental Health,Springer
,26884526,BJUI Compass,Wiley-Blackwell
22842403,22835733,Global and Regional Health Technology Assessment,AboutScience Srl
,26673185,Artificial Intelligence in the Life Sciences,Elsevier
,26735318,Psychiatry International,MDPI Multidisciplinary Digital Publishing Institute
1176293,27189201,Southeastern Philippines Journal of Research and Development,University of Southeastern Philippines
26346613,26346621,"Pop Music, Culture, and Identity",Springer:  Palgrave Macmillan
,22951210,Dragoman,Arabic Translators International
1645653X,2184173X,Ophiussa,"School of Arts, University of Lisbon"
,26148013,Nazhruna: Jurnal Pendidikan Islam,Institut Pesantren KH Abdul Chalim Mojokerto
27711749,27711757,Health Care Science,Wiley-Blackwell
,19963521,Revista Infodir,Editorial Ciencias Medicas
21971951,2197196X,Springer International Handbooks of Education,Springer
19709889,19709870,"TeMA Journal of Land Use, Mobility and Environment",FeDOA - Federico II University Press at Center for Libraries 'Roberto Pettorino'
,23686669,Quality Advancement in Nursing Education,Canadian Association of Schools of Nursing
23942746,23942754,Indian Journal of Obstetrics and Gynecology Research,IP Innovative Publication Pvt. Ltd.
2762366,15414477,"Imagination, Cognition and Personality",Sage
17588715,17588723,International Journal of Intelligent Engineering Informatics,Inderscience Publishers
,2624800X,Journal of Cybersecurity and Privacy,MDPI Multidisciplinary Digital Publishing Institute
,27310809,Discover Artificial Intelligence,Springer
2688299X,26883007,ACM Transactions on Evolutionary Learning and Optimization,ACM Association for Computing Machinery
,25901095,Archives of Rehabilitation Research and Clinical Translation,Elsevier
,23993529,Human Reproduction Open,Oxford University Press
22776729,23494174,Indian Journal of Canine Practice,"Dr. A. K. Srivastva, Secretary General of ISACP"
,2582631X,International Research Journal of Multidisciplinary Scope,Iquz Galaxy Publisher
,23480335,Journal of Applied Pharmaceutical Research,Creative Pharma Assent
,26675846,Experimed,Istanbul University Press
,20575696,Martial Arts Studies,Cardiff University Press
,16467752,Journal of History of Science and Technology,Walter de Gruyter: Sciendo
21897247,21897255,Fujita Medical Journal,Fujita Medical Society
,26736861,Frontiers in Rehabilitation Sciences,Frontiers Media S.A.
2734844X,27348458,Balneo and PRM Research Journal,"Romanian Association of Balneology, http://bioclima.ro/"
25873458,25873466,One Health and Risk Management,the Moldovan Association for Biosafety and Biosecurity
19328648,19328656,Global South,Indiana University Press
13380141,26444879,Studia Biblica Slovaca,Comenius University
23718366,23718374,Journal of Project Management (Canada),Growing Science
,27730786,Journal of Natural Pesticide Research,Elsevier
23139129,23139137,Austral Comunicacion,School of Communication-Austral University
20517483,20525907,Peking University Law Journal,Informa:  Taylor & Francis
23774657,23774665,"Corrections: Policy, Practice, and Research",Informa:  Taylor & Francis
,27047318,Rivista Italiana di Informatica e Diritto,CNR - Consiglio Nazionale delle Ricerche
,27239195,Ceridap,Diana Urania Galetta
2085627X,25286617,Al-Ahwal,"Al-Ahwal Research Center, Program Studi Hukum Keluarga Islam Fakultas Syariah Dan Hukum Uin Sunan Kalijaga Yogyakarta"
25231367,2663323X,African Human Rights Yearbook,Pretoria University Law Press
,27159698,Khazanah Hukum,UIN Sunan Gunung Djati Bandung
20644965,,ELTE Law Journal,ELTE University Press
20891970,26228645,El-Mashlahah,Sharia Faculty of State Islamic Institute (IAIN) Palangka Raya
19786670,25794167,Al-Manahij: Jurnal Kajian Hukum Islam,Universitas Islam Negeri Prof. K.H. Saifuddin Zuhri Purwokerto
8520941,25490907,Yustisia,"Faculty of Law, Universitas Sebelas Maret"
26832038,25940082,Revista de Estudios en Derecho a la Informacion,Universidad Nacional Autonoma de Mexico
10969411,2769822X,Dental Anthropology,OpenJournals Publishing
20968930,,Space-Integrated-Ground Information Networks,China InfoCom Media Group
,27120562,Sustainable Engineering and Innovation,Research and Development Academy
,26895595,Applied AI Letters,Wiley-Blackwell
13133330,28154002,Mathematics and Education in Mathematics,Union of Bulgarian Mathematicians
,26367467,International Journal of Maps in Mathematics,Bayram Sahin
19768605,22881433,Korean Journal of Mathematics,The Kangwon-Kyungki Mathematical Society
5777518,,Journal of Plant Protection,Editorial Board of Journal of Plant Protection
,27694615,Fruit Research,Maximum Academic Press
,27690520,Vegetable Research,Maximum Academic Press
,29573645,Social and Health Sciences,University of South Africa Press
,26674432,Journal of Universal History Studies,Sabit Dokuyan
27692159,27314375,Droplet,Wiley-Blackwell
,23644575,Journal of Shipping and Trade,Springer
3318443,24678821,Nigerian Journal of Technology,"Faculty of Engineering, University of Nigeria"
,27094715,GigaByte,Oxford University Press
26673762,26673762,Advances in Ophthalmology Practice and Research,Elsevier
10064990,,Inorganic Chemicals Industry,Editorial Office of Inorganic Chemicals Industry
,27194523,Rheumatology and Immunology Research,Walter de Gruyter
16628969,16620356,Advances in Science and Technology,Trans Tech Publications
,26884062,Small Structures,Wiley-Blackwell: Wiley-VCH
,21730040,Re-visiones,Universidad Complutense de Madrid
0585492X,17241588,Studi Ispanici,Fabrizio Serra Editore
,27918564,Mathematical Modelling and Numerical Simulation with Applications,Mehmet Yavuz
2475742X,,CPSS Transactions on Power Electronics and Applications,China Power Supply Society
22316094,,Indian Journal of Information Sources and Services,The Research Publication
24096121,25221361,Physical Sciences and Technology,Al-Farabi Kazakh National University
23570326,23570334,Microbial Biosystems,Arab Society for Fungal Conservation
1674991X,,Journal of Environmental Engineering Technology,"Editorial Board, Journal of Environmental Engineering Technology"
10010890,,Petroleum Drilling Techniques,Science Press
27546322,,Offshore Site Investigation and Geotechnics,Society for Underwater Technology
,26874814,Montes Taurus Journal of Pure and Applied Mathematics,MTJPAM Turkey
,26314444,Compositionality,Arxiv-overlay journal
10058206,,Environmental Sanitation Engineering,Editorial Office of Environmental Sanitation Engineering
,25152564,Contact,Sage
,26330407,Immunometabolism,Wolters Kluwer:  Lippincott Williams and Wilkins
,2665945X,Current Research in Neurobiology,Elsevier
,27723925,Addiction Neuroscience,Elsevier
10170499,24124265,Studia Historiae Ecclesiasticae,Church History Society of Southern Africa
20728174,23073640,Revista del Nacional (Itaugua),"Paraguay, Ministerio de Salud Pública y Bienestar Social, Centro Médico Nacional-Hospital Nacional"
,26883600,Local Development and Society,Informa:  Taylor & Francis
2100452,23398256,Els Marges,"L'Avenç, S. L."
,26410478,Critical Times,Duke University Press
14120992,2527922X,Millah,Program Studi Ilmu Agama Islam Program Magister
,27684830,Research in Mathematics,Informa:  Taylor & Francis
,26759225,Biological Models Research and Technology Journal,Brazilian society of science in laboratory animals
4395689,26051729,Hormigon y Acero,ASOCIACIÓN ESPAÑOLA DE INGENIERÍA ESTRUCTURAL (ACHE)
,27658031,BME Frontiers,American Association for the Advancement of Science
23224398,23224401,Journal of Pediatrics Review,Negah Scientific Publisher
,26325012,Sleep Advances,Oxford University Press
,26942453,ACS Polymers Au,ACS American Chemical Society
16732383,,Journal of Henan University of Technology -Natural  Science Edition,Editorial  Department of  Journal of Henan University of  Technology
23930624,23931078,Cultural Intertexts,Casa Cartii de Stiinta
9927654,22214038,Documents pour l?Histoire du Francais Langue Etrangere ou Seconde,OpenEdition
22111921,2211193X,SpringerBriefs in Education,Springer
,26884682,Journal of Race Ethnicity and the City,Informa:  Taylor & Francis
20970064,26941589,Journal of Remote Sensing (United States),American Association for the Advancement of Science
22835768,24210277,Tre Corone,Fabrizio Serra Editore
2543344X,25433431,Journal d'Imagerie Diagnostique et Interventionnelle,Elsevier
,2612226X,Studi AISV,Officinaventuno
,27725987,Psychiatry Research Communications,Elsevier
,21831750,Aniki: Portuguese Journal of the Moving Image,AIM (Portuguese Association of Researchers of the Moving Image)
2610945X,26109441,Filologie Medievali e Moderne: Serie Occidentale and Serie Orientale,Fondazione Università Ca' Foscari
26108879,26109433,Eurasiatica,Fondazione Università Ca' Foscari
15074153,27194191,Napis,Wydawnictwo Instytutu Bada? Literackich PAN (Publishing House of the Institute of Literary Research of the Polish Academy of Sciences)Nauk
,19187351,Analecta Hermeneutica,International Institute for Hermeneutics
,26187183,Construction Materials and Products,Belgorod State Technological University named after V.G. Shukhov
13041096,13041088,Turkish Journal of Public Health,Association of Public Health Specialists
16729854,,Marine Origin Petroleum Geology,Editorial Department of Marine Origin Petroleum Geology
20969120,,Journal of Gems and Gemmology,"Editorial Department of Journal of Gems and Gemmology,China University of Geosciences"
,29497531,Innovation and Green Development,Elsevier
26662353,25899449,Global Journal on Quality and Safety in Healthcare,Innovative Healthcare Institute
,25203134,Texila International Journal of Public Health,Texila International Journal
,26618001,npj Urban Sustainability,Springer:  Nature Publishing Group
10096906,,Chinese Journal of Nautical Medicine and Hyperbaric Medicine,Chinese Medical Journals Publishing House Co.Ltd
,23796227,Computational Psychiatry,Ubiquity Press
,24589675,Spiritual Psychology and Counseling,Halil Eksi
10032053,,Studies in Science of Science,Editorial  Department  of 'Studies in Science of Science'
,27738752,ASEAN Journal of Scientific and Technological Reports,THAKSIN UNIVERSITY
25903284,25903276,Political Anthropological Research on International Social Sciences,Brill
,26667991,Applied Corpus Linguistics,Elsevier
,23920718,e-Scripta Romanica,Lodz University Press
,20509863,Journal of Open Psychology Data,Ubiquity Press
8548919,25031023,Jurnal Media Hukum,Universitas Muhammadiyah Yogyakarta
10016880,,Tianran Chanwu Yanjiu yu Kaifa,Science Press (China)
1000890X,,China Rubber Industry,Editorial Office of China Rubber Industry
,26928388,IEEE Journal of Microwaves,IEEE Institute of Electrical and Electronics Engineers
,26008084,Applications of Modelling and Simulation,ARQII PUBLICATION
,26957566,Cronica Tributaria,Instituto de Estudios Fiscales
,23328886,Bioelectronic Medicine,Springer:  BioMed Central (BMC)
,25901826,Environmental Chemistry and Ecotoxicology,KeAI Publishing Group
10010629,,Pratacultural Science,Editorial Office of Pratacultural Science
15609588,24129097,Russian Journal of Skin and Venereal Diseases,Eco-Vector LLC
26219980,26218720,Teknomekanik,Universitas Negeri Padang
,27725014,Human Factors in Healthcare,Elsevier
26164868,,Clinical and Preventive Medicine,State Institution of Science «Research and Practical Center of Preventive and Clinical Medicine» State Administration Department
1004874X,,Guangdong Agricultural Sciences,Guangdong Academy of Agricultural Sciences
22824863,22833153,Azimuth,Inschibboleth edizioni
26771640,26770660,RussianStudiesHu,The Foundation for Russian Language and Culture
25169084,25169092,Early Middle English,Arc Humanities Press
15085430,27197689,Systemy Logistyczne Wojsk,"Institute of Logistics, Faculty of Security, Logistics and Management, Military University of Technology"
14513455,26200163,Philotheos,Gnomon Center for the Humanities
15365514,23337168,Ghana Studies,University of Wisconsin Press
1829006X,,Bulletin of Stomatology and Maxillofacial Surgery,Akra LLC
23035005,23035013,Economics - Innovative and Economics Research Journal,Walter de Gruyter: Sciendo
20674252,25016334,Argument (Romania),Editura Universitar? ?Ion Mincu?
22260838,24143588,Neurology and Neurosurgery. Eastern Europe,Publishing Private Unitary Enterprise 'Professionalnye Izdaniya'
730548,19446454,Harvard Journal of Asiatic Studies,Harvard-Yenching Institute
20670621,22481907,Schutzian Research,Zeta Books
,21924449,CEN Case Reports,Springer
26108844,26109360,Biblioteca di Rassegna Iberistica,Fondazione Università Ca' Foscari
22263322,24143596,Otorhinolaryngology Eastern Europe,Publishing Private Unitary Enterprise 'Professionalnye Izdaniya'
,26901803,Aging Pathobiology and Therapeutics,Ant Publishing Corporation
,25615637,Undergraduate Research in Natural and Clinical Sciences and Technology Journal,Undergraduate Research in Natural and Clinical Sciences and Technology (URNCST) Journal
22108866,27243362,Lexis Supplementi,Fondazione Università Ca' Foscari
,26911191,JASA Express Letters,AIP American Institute of Physics
16111052,23650877,Particle Acceleration and Detection,Springer
16716450,,Chinese Journal of Difficult and Complicated Cases,Chinese Medical Doctor Association
10017097,,Chinese Journal of Nephrology,"Chinese Medical Journals Publishing House Co. , Ltd."
18225047,25387294,Athena: Filosofijos Studijos,Lithuanian Culture Research Institute
10825983,21632758,Military Operations Research,Military Operations Research Society
19292260,19292279,Journal of Cancer Research Updates,Neoplasia Research
16874072,20903308,Journal of Applied Veterinary Sciences,Egyptian society for Animal Management
26108976,26109395,Ca' Foscari Japanese Studies,Fondazione Università Ca? Foscari - ECF
23569174,23569182,Journal of Bioscience and Applied Research,Society of pathological biochemistry and hematology
,26184788,Notas sobre Mamiferos Sudamericanos,Sociedad Argentina para el Estudio de los Mamíferos (SAREM)
10006621,,Chinese Journal of Antituberculosis,Chinese Journal of Antituberculosis Publishing House
1004714X,,Chinese Journal of Radiological Health,Editorial Department of Chinese Journal of Radiological Health
20546238,20546246,Journal of Economic and Administrative Sciences,Emerald
20970714,,Aerospace Technology,Beijing HIWING Scientific and Technology Information Institute
,15782549,Archivos de Prevencion Riesgos Laborales,Associació Catalana de Salut Laboral
25317288,3949001,Medicina nei Secoli,Universita degli Studi di Roma 'La Sapienza'
2640205X,26402068,American Economic Review - Insight,American Economic Association
803545,,Rocznik Orientalistyczny,The Committee of Oriental Studies of the Polish Academy of Sciences and The Publishing House ELIPSA
20967993,,Journal of Clinical Otorhinolaryngology Head and Neck Surgery,Editorial Department of Journal of Clinical Otorhinolaryngology Head and Neck Surgery
11102179,25370979,Egyptian Journal of Medical Microbiology,Egyptian Society for Medical Microbiology
,26520397,Transport Findings,Network Design Lab
,26884089,Biophysics Reviews,AIP American Institute of Physics
,27725294,Brain and Spine,Elsevier
24508543,2353317X,Colloquia Germanica Stetinensia,University of Szczecin Press
843296,,Yad Vashem Studies,Yad Vashem
,27998010,Journal of Yeungnam Medical Science,"Yeungnam University College of Medicine, Yeungnam University Institute of Medical Science"
29464471,2946448X,Palgrave Studies in Utopianism,Springer:  Palgrave Macmillan
26628422,26628430,Challenges in Physics Education,Springer
2137100,22549412,Actualidad Civil,Wolters Kluwer
26745739,26745755,Revista da Defensoria Publica do Distrito Federal,Defensoria Pública do Distrito Federal
23063734,19955855,Vienna Journal on International Constitutional Law,Walter de Gruyter
,23188081,Revista Eletronica Direito e Sociedade,Universidade LaSalle - Unilasalle
23648317,23648325,Modern China and International Economic Law,Springer
,27856380,Rivista di Diritto Internazionale Privato e Processuale,Wolters Kluwer
20821743,,Polski Proces Cywilny,Wolters Kluwer
8609411,27193586,Vox Patrum,John Paul II Catholic University of Lublin
2537026X,25370278,Journal of the General Union of Arab Archaeologists,the Arab Council of the General Union of Arab Archaeologists
25244132,25244140,Studies in Iranian Politics,Springer:  Palgrave Macmillan
,25716182,Plasma,MDPI Multidisciplinary Digital Publishing Institute
25233343,25233351,Necas Center Series,Springer:  Birkhauser
,27324303,Immunotherapy Advances,Oxford University Press
,26734095,Surgeries ( Switzerland),MDPI Multidisciplinary Digital Publishing Institute
,26344068,Oxford Open Climate Change,Oxford University Press
,26334356,Materials for Quantum Technology,IoP Institute of Physics
1009265X,,Advanced Textile Technology,Periodical Agency of Zhejiang Sci-Tech University
16413792,26574837,Folia Toruniensia,Provincial Public Library ? the Copernicus Library in Torun
20970242,26673797,Biomimetic Intelligence and Robotics,Elsevier
20958676,,Southern Energy Construction,"Energy Observer Magazine Co., Ltd."
2561492,,Marine Geology and Quaternary Geology,Science Press (China)
,26666022,American Heart Journal Plus: Cardiology Research and Practice,Elsevier
23202068,23202076,Journal of Advanced Oral Research,Sage
26454661,25887343,Geoconservation Research,Islamic Azad University
,26687542,Hungarian Studies Yearbook,Walter de Gruyter: Sciendo
61646,,Boletin de la Biblioteca de Menendez Pelayo,Sociedad Menéndez Pelayo
10035257,27730751,World Journal of Acupuncture-Moxibustion,Elsevier
3793575,23570288,Egyptian Journal of Agronomy,National Information and Documentation Center (NIDOC)
22256032,25893025,Tropical Cyclone Research and Review,KeAI Publishing Group
16414381,2391677X,Zeszyty Teoretyczne Rachunkowosci,The Accountants Association in Poland
23931809,23931817,Journal of Critical Care Medicine,"Universitatea de Medicina, Farmacie Stiinte si Tehnologie 'George Emil Palade' din Targu Mures"
16744152,,Chinese Journal of General Practice,Magazine House of 'Chinese Journal of General Practice'
25857088,26446359,Bratislava Law Review,"Comenius University Bratislava, Faculty of Law"
,27171612,Journal of the Iranian Mathematical Society,Iranian Mathematical Society
10032797,,"Documentation, Information and Knowledge","Editorial Office of Documentation, Information & Knowledge"
,26343916,European Heart Journal - Digital Health,Oxford University Press
22888128,23835001,Journal of Liver Cancer,The Korean Liver Cancer Association
,27743047,Journal of Multidisciplinary Applied Natural Science,Pandawa Institute
18299067,24606588,Mazahib Jurnal Pemikiran Hukum Islam,Fakultas Syariah Universitas Islam Negeri Sultan Aji Muhammad Idris
,25954431,Revista Brasileira de Meio Ambiente,Reativar Ambiental
20394705,20394713,Journal of Xenobiotics,MDPI Multidisciplinary Digital Publishing Institute
,25326740,Occhiali - Rivista sul Mediterraneo Islamico,Università della Calabria
20970323,27725715,ChemPhysMater,KeAI Publishing Group
23976721,2397673X,Journal of Popular Music Education,Intellect Ltd.
22175369,22175660,Food and Feed Research,"University of Novi Sad, Institute of Food Technology"
26894092,26894084,Journal of African Development,Penn State University Press
3239748,28153391,Istoricheski Pregled,Institute for Historical Studies at the BAS
13894633,,Max Planck Yearbook of United Nations Law,Brill:  Martinus Nijhoff
23519606,,International Water Law Series,Brill:  Martinus Nijhoff
2405934X,,Maritime Cooperation in East Asia,Brill:  Martinus Nijhoff
24684163,,Reforming the United Nations,Brill:  Martinus Nijhoff
22133399,,Mediterranean Art Histories,Brill
15732193,18796044,"Consciousness, Literature and the Arts",Brill: Rodopi
18718787,18795889,Studies in Intermediality,Brill: Rodopi
24522961,,Languages of Asia,Brill
15715647,18795870,Marcel Proust Aujourd'hui,Brill: Rodopi
15724344,18795862,"Nature, Culture and Literature",Brill: Rodopi
22115846,22115854,Studies in Environmental Humanities,Brill: Rodopi
22136010,25897438,Library of Contemporary Jewish Philosophers,Brill
13883720,18758118,Yearbook of the Research Centre for German and Austrian Exile Studies,Brill: Rodopi
9238298,,Hague Yearbook of International Law,Brill:  Martinus Nijhoff
1686526,,International Labour Law Reports,Brill:  Martinus Nijhoff
3915107,,Italian Yearbook of International Law,Brill
9208399,,Supplementum Epigraphicum Graecum,Brill
13699865,,Yearbook of the European Convention for the Prevention of Torture and Inhuman or Degrading Treatment or Punishment,Brill:  Martinus Nijhoff
13842935,,Yearbook of Islamic and Middle Eastern Law,Brill:  Martinus Nijhoff
13861972,,Palestine Yearbook of International Law,Brill:  Martinus Nijhoff
13883569,,Word and Image Interactions,Brill
13896288,,Yearbook International Tribunal for the Law of the Sea,Brill:  Martinus Nijhoff
15672336,,Medieval Chronicle,Brill: Rodopi
15694070,18796621,International Ford Madox Ford Studies,Brill: Rodopi
15696456,22115897,Baltic Yearbook of International Law,Brill:  Martinus Nijhoff
15714977,,Contemporary Psychoanalytic Studies,Brill
15721892,,"Verhandelingen van het Koninklijk Instituut voor Taal-, Land- en Volkenkunde",Brill
15723070,18795900,Contemporary Cinema,Brill: Rodopi
15742032,,Francopolyphonies,Brill
18716067,18795897,Critical Approaches to Ethnic American Literature,Brill: Rodopi
1871689X,,Spatial Practices,Brill
18720943,18795803,Critical Posthumanisms,Brill: Rodopi
18721737,18796141,Conrad Studies,Brill: Rodopi
18738788,18795943,"Experimental Practices: Technoscience, Art, Literature, Philosophy",Brill: Rodopi
18741793,,Legal History Library,Brill:  Martinus Nijhoff
18759823,,Encyclopaedia Islamica,Brill
18770216,,Early American History Series,Brill
18772129,,Studies in Critical Research on Religion,Brill
22111018,,Neo-Victorian Series,Brill
22113010,,Yearbook of International Organizations,Brill:  Martinus Nijhoff
22124772,,East Asian Comparative Literature and Culture,Brill
22124950,22124969,Critical Animal Studies,Brill: Rodopi
22128662,,Islamicate Intellectual History,Brill
22130519,,Climate and Culture,Brill
22130527,,Brill's Southeast Asian Library,Brill
22130659,22130667,Critical Plant Studies,Brill: Rodopi
22131043,,Muslim World in the Age of the Crusades,Brill
22131426,,Brill's Companions to Classical Reception,Brill
22133836,,International Refugee Law Series,Brill:  Martinus Nijhoff
22133844,,Arts and Archaeology of the Islamic World,Brill
22138439,,China in the World,Brill
22142800,,Johannine Studies,Brill
22145958,,Supplements to the Textual History of the Bible,Brill
22146547,,Brill's Asian Law Series,Brill:  Martinus Nijhoff
22146555,,Islamic Area Studies,Brill
22146563,,Studies on Performing Arts and Literature of the Islamicate World,Brill
22146601,,Islamic Literatures,Brill
22148329,,Science and Religion in East Asia,Brill
22149511,,Brill's Companions to the Musical Culture of Medieval and Early Modern Europe,Brill
2214952X,,Social Sciences of Practice,Brill
23521155,,Thinking in Extremes,Brill
23521325,,Scientific and Learned Cultures and Their Institutions,Brill
23525681,,Silk Road Studies in International Economic Law,Brill:  Martinus Nijhoff
23525746,,Brill's Studies in Catholic Theology,Brill
23525827,,Post-Western Social Sciences and Global Knowledge,Brill
23526394,,Zhuang Traditional Texts,Brill
23527684,,Yearbook of Chinese Theology,Brill
23527919,,Historical Studies of Contemporary China,Brill
23528052,,Leonardo Studies,Brill
23529288,,Theology in Practice,Brill
23529342,,Grammars and Sketches of the World''s Languages,Brill
24054488,,History of Oriental Studies,Brill
24056847,,Theory and Practice of Public International Law,Brill:  Martinus Nijhoff
24058092,,Modern Shi''ah Library,Brill
24059315,,Literary Modernism,Brill
24059331,,World Trade Institute Advanced Studies,Brill:  Martinus Nijhoff
24519553,,New Perspectives in Edward Albee Studies,Brill
24520098,,Studies on East Asian Religions,Brill
24522260,,New Perspectives on the Cold War,Brill
24523283,,Emergence of Natural History,Brill
24682268,,Crime and City in History,Brill
24682314,,Historiography of Rome and its Empire,Brill
24683019,,Explokart Studies in the History of Cartography,Brill
24683027,,Textual History of the Bible,Brill
24683035,,Rethinking Socialism and Reform in China,Brill
24683965,,Brill''s Companions to the Slavic World,Brill
2468578X,,Brill's Specials in Modern History,Brill
708356,2196971X,Ecological Studies,Springer
18798047,,Cognitive Linguistic Studies in Cultural Contexts,John Benjamins Publishing Co.
,18397387,Australian and International Journal of Rural Education,Society for the Provision of Education in Rural Education
,26890208,"Technology, Mind, and Behavior",APA American Psychological Association
,20472501,Health Information Science and Systems,Springer
,21947791,Molecular and Cellular Pediatrics,Springer
,23643420,Biophysics Reports,Science Press (China)
17488133,,World Sustainable Development Outlook,World Association for Sustainable Development
17449413,20513011,Collingwood and British Idealism Studies,Imprint Academic
17350565,26453347,Nivar,IRIMO
,24761362,Journal of Applied Communications,"Association for Communication Excellence in Agriculture, Natural Resources, and Life and Human Sciences"
837407,24758825,Textile Museum Journal,The Textile Museum
0917415X,18825729,Tropics,The Japan Society of Tropical Ecology
,21624968,Current Obesity Reports,Springer
