PrintISSN,EISSN,Title,Titles discontinued by Scopus due to quality issues
,,2000 IEEE Wireless Communications and Networking Conference,
,,4th International Conference COPPER 99-COBRE 99,
,,8th Korea-Russia International Symposium on Science and Technology - Proceedings: KORUS 2004,
15287106,,AACE International Transactions,
,,"ACM International Conference on Computer Graphics, Virtual Reality and Visualisation in Africa",
,,ACM International Conference Proceeding Series,
,,"ACM SIGDOC Annual International Conference on Computer Documentation, Proceedings",
,,ACM SIGPLAN/SIGSOFT Workshop on Program Analysis for Software Tools and Engineering,
,,"ACM Symposium on Virtual Reality Software and Technology, Proceedings, VRST",
,,ACM/SIGDA International Symposium on Field Programmable Gate Arrays - FPGA,
933066,,"ACS Division of Environmental Chemistry, Preprints",
657727,,ACS National Meeting Book of Abstracts,
,23365382,Acta Polytechnica CTU Proceedings,
2115418X,,Actes (IFSTTAR),
13695886,,Advances in Air Pollution,
1361617X,,Advances in Earthquake Engineering,
653438,,Advances in the Astronautical Sciences,
,,AIAA/IEEE Digital Avionics Systems Conference - Proceedings,
,,AIChE Ethylene Producers Conference Proceedings,
658812,,AIChE Symposium Series,
0094243X,15517616,AIP Conference Proceedings,
15516997,,AISTech - Iron and Steel Technology Conference Proceedings,
7334230,,"American Society of Mechanical Engineers, Aerospace Division (Publication) AD",
1066503X,,"American Society of Mechanical Engineers, Fuels and Combustion Technologies Division (Publication) FACT",
2725673,,"American Society of Mechanical Engineers, Heat Transfer Division, (Publication) HTD",
0277027X,,"American Society of Mechanical Engineers, Pressure Vessels and Piping Division (Publication) PVP",
,,"American Society of Mechanical Engineers, Textile Engineering Division (Publication) TED",
3607011,,Ammonia Plant Safety and Related Facilities,
,,"Annual ACM Conference on Assistive Technologies, Proceedings",
,,Annual ACM Symposium on Parallel Algorithms and Architectures,
,,Annual Conference for Protective Relay Engineers,
,28321510,Annual Conference of the North American Fuzzy Information Processing Society - NAFIPS,
15522938,,Annual Forum Proceedings - AHS International,
7334249,,Annual Forum Proceedings - American Helicopter Society,
,,Annual Fuels and Lubes Asia Conference and Exhibition,
10652221,,Annual IEEE Semiconductor Thermal Measurement and Management Symposium,
5891019,,Annual International Conference of the IEEE Engineering in Medicine and Biology - Proceedings,
8986614,,Annual Meeting - Council of Logistics Management,
14947722,,"Annual Meeting - Technical Section, Canadian Pulp and Paper Association, Preprints",
,,"Annual North American Waste To Energy Conference, NAWTEC",
,,"Annual Technical Conference - ANTEC, Conference Proceedings",
14435454,,Appita Annual Conference,
,,APPITA Annual General Conference,
15223965,19471491,AP-S International Symposium (Digest) (IEEE Antennas and Propagation Society),
12505,,ASHRAE Transactions,
,,ASM Conference Proceedings: Joining of Advanced and Specialty Materials,
,,ASM Proceedings of the International Conference: Trends in Welding Research,
2702932,,"Asphalt Paving Technology, AAPT",
10807764,,ASQ Annual Quality Congress Proceedings,
7347510,,AUTOTESTCON (Proceedings),
7496877,,Biennial University/Government/Industry Microelectronics Symposium - Proceedings,
8407789,,Canadian Conference on Electrical and Computer Engineering,
1966219,,Ceramic Engineering and Science Proceedings,
,27886204,CESARE Conference Publications,
16130073,,CEUR Workshop Proceedings,
,25388959,Challenges to National Defence in Contemporary Geopolitical Situation,
23367687,23367695,"Clovek, Stavba a Uzemni Planovani - Man, Building and Urban Planning",
2734508,,"Collection of Technical Papers - AIAA/ASME/ASCE/AHS/ASC Structures, Structural Dynamics and Materials Conference",
14626063,,Computational Studies,
,,"Computer Animation, Conference Proceedings",
2766574,,Computers in Cardiology,
23258861,2325887X,Computing in Cardiology,
8999406,,Conference Digest - IEEE International Semiconductor Laser Conference,
,,Conference on Human Factors in Computing Systems - Proceedings,
,,"Conference on Optical Fiber Communication, Technical Digest Series",
,,Conference on Quantum Electronics and Laser Science (QELS) - Technical Digest Series,
698644,,Conference on Robotics and Remote Systems- Proceedings,
,,Conference on Software Maintenance,
10636897,,"Conference Proceedings - Annual International Symposium on Computer Architecture, ISCA",
,,Conference Proceedings - IEEE Applied Power Electronics Conference and Exposition - APEC,
10928669,,Conference Proceedings - International Conference on Indium Phosphide and Related Materials,
10928081,,Conference Proceedings - Lasers and Electro-Optics Society Annual Meeting-LEOS,
,,Conference Proceedings from the International Symposium for Testing and Failure Analysis,
7349025,,Conference Proceedings of the Annual ACM Symposium on Theory of Computing,
10896503,,Conference Proceedings of the EUROMICRO,
1972618,,Conference Record - IAS Annual Meeting (IEEE Industry Applications Society),
7314906,,Conference Record - IEEE Cement Industry Technical Conference,
10915281,,Conference Record - IEEE Instrumentation and Measurement Technology Conference,
5361486,,Conference Record - International Conference on Communications,
,,Conference Record of Industrial and Commercial Power Systems Technical Conference,
7308566,,Conference Record of the Annual ACM Symposium on Principles of Programming Languages,
10586393,,"Conference Record of the Asilomar Conference on Signals, Systems and Computers",
1608371,,Conference Record of the IEEE Photovoltaic Specialists Conference,
,,"Congress on Computing in Civil Engineering, Proceedings",
2714132,10983627,Contemporary Mathematics,
,,"Control Systems, Preprints, Conference",
,27242129,Convegno Nazionale di Bioingegneria,
5891485,,CPEM Digest (Conference on Precision Electromagnetic Measurements),
14339013,,DGMK Tagungsbericht,
10519173,,Digest of Papers - IEEE Symposium on Mass Storage Systems,
0747668X,,Digest of Technical Papers - IEEE International Conference on Consumer Electronics,
1936530,,Digest of Technical Papers - IEEE International Solid-State Circuits Conference,
7431562,,Digest of Technical Papers - Symposium on VLSI Technology,
,,Digest of Technical Papers-IEEE International Pulsed Power Conference,
746843,,Digests of the Intermag Conference,
,22671242,E3S Web of Conferences,
2066026X,20668821,eLearning and Software for Education Conference,
3614395,,"Electrical Contacts, Proceedings of the Annual Holm Conference on Electrical Contacts",
20752180,,"Electronic Proceedings in Theoretical Computer Science, EPTCS",
18766102,,Energy Procedia,
,,Environment Canada Arctic and Marine Oil Spill Program Technical Seminar (AMOP) Proceedings,
,23987340,EPiC Series in Computing,
21016275,2100014X,EPJ Web of Conferences,Discontinued by Scopus
,26023199,"Eurasia Proceedings of Science, Technology, Engineering and Mathematics",
,26966913,European Conference on Multifunctional Structures,
3796566,,"European Space Agency, (Special Publication) ESA SP",
4303393,,Festkoerperprobleme,
,,"Forensic Engineering, Proceedings of the Congress",
,,Gastech Conference Proceedings,
,27327256,Geotechnical Engineering Education,
8950563,,Geotechnical Special Publication,
,27078647,GLOCAL Conference Proceedings,
10926100,,Hardware/Software Codesign - Proceedings of the International Workshop,
,,Hart World Fuels Conference,
188476,,IATUL Proceedings,
7302010,,"ICIASF Record, International Congress on Instrumentation in Aerospace Simulation Facilities",
,,IECON Proceedings (Industrial Electronics Conference),
5379989,,IEE Conference Publication,
1095323X,,IEEE Aerospace Conference Proceedings,
21530025,21530033,IEEE AFRICON Conference,
,,"IEEE Annual International Carnahan Conference on Security Technology, Proceedings",
,,"IEEE Asia-Pacific Conference on Circuits and Systems, Proceedings, APCCAS",
,,IEEE Conference on Human Factors and Power Plants,
,,"IEEE Conference on Intelligent Transportation Systems, Proceedings, ITSC",
1902172,,IEEE Conference Record of Annual Pulp and Paper Industry Technical Conference,
15300897,,IEEE High-Performance Computer Architecture Symposium Proceedings,
,,"IEEE Intelligent Vehicles Symposium, Proceedings",
,,"IEEE International Conference on Conduction and Breakdown in Dielectric Liquids, ICDL",
10987584,,IEEE International Conference on Fuzzy Systems,
,,IEEE International Conference on Image Processing,
,,IEEE International Conference on Intelligent Robots and Systems,
,,IEEE International Conference on Microelectronic Test Structures,
10987576,,IEEE International Conference on Neural Networks - Conference Proceedings,
7309244,,IEEE International Conference on Plasma Science,
,,"IEEE International Conference on Software Maintenance, ICSM",
,,IEEE International Engineering Management Conference,
10972641,,"IEEE International Performance, Computing and Communications Conference, Proceedings",
,,IEEE International Professional Communication Conference,
1078621X,,IEEE International SOI Conference,
,,IEEE International Symposium on Applications of Ferroelectrics,
2158110X,21581118,IEEE International Symposium on Electromagnetic Compatibility,
,,IEEE International Symposium on Electronics and the Environment,
10828907,,"IEEE International Symposium on High Performance Distributed Computing, Proceedings",
21578095,,IEEE International Symposium on Information Theory - Proceedings,
,,IEEE International Symposium on Intelligent Control - Proceedings,
,,"IEEE International Symposium on Personal, Indoor and Mobile Radio Communications, PIMRC",
,,IEEE International Symposium on Power Semiconductor Devices and ICs (ISPSD),
1523553X,10788743,"IEEE International Symposium on Semiconductor Manufacturing Conference, Proceedings",
10893539,,IEEE International Test Conference (TC),
0149645X,,IEEE MTT-S International Microwave Symposium Digest,
10975659,,IEEE National Radar Conference - Proceedings,
10957863,,IEEE Nuclear Science Symposium Conference Record,
,,"IEEE Pacific Rim Conference on Communications, Computers and Signal Processing Conference Proceedings",
10972633,,"IEEE Radio Frequency Integrated Circuits Symposium, RFIC, Digest of Technical Papers",
21593442,21593450,"IEEE Region 10 Annual International Conference, Proceedings/TENCON",
,,"IEEE Semiconducting and Semi-Insulating Materials Conference, SIMC",
,,"IEEE Symposium on VLSI Circuits, Digest of Technical Papers",
,,IEEE Symposium Record on Network Operations and Management Symposium,
7400551,,IEEE Vehicular Technology Conference,
10923152,,"IEEE/ACM International Conference on Computer-Aided Design, Digest of Technical Papers",
,,"IEEE/ASME International Conference on Advanced Intelligent Mechatronics, AIM",
7411146,,IFAC Proceedings Series,
24058963,24058963,IFAC-PapersOnLine,
16800737,,IFMBE Proceedings,
13561448,,IMechE Event Publications,
9513248,,Institute of Physics Conference Series,
2750473,,"INTELEC, International Telecommunications Energy Conference (Proceedings)",
,,Intelligent Engineering Systems Through Artificial Neural Networks,
24149179,24149209,"InterCarto, InterGIS",
16821750,,"International Archives of the Photogrammetry, Remote Sensing and Spatial Information Sciences - ISPRS Archives",
,,International Chemical Recovery Conference,
,,"International Conference - Nuclear Energy for New Europe, Proceedings",
10636862,,"International Conference on Application-Specific Systems, Architectures and Processors, Proceedings",
,,International Conference on Architectural Support for Programming Languages and Operating Systems - ASPLOS,
,,"International Conference on Communication Technology Proceedings, ICCT",
,,International Conference on Computational Structures Technology - Proceedings,
,26401177,International Conference on Construction in the 21st Century,
,,International Conference on Database and Expert Systems Applications - DEXA,
,,"International Conference on Debris-Flow Hazards Mitigation: Mechanics, Prediction, and Assessment, Proceedings",
,,International Conference on Digital Printing Technologies,
,25622331,International Conference on Embedded Wireless Systems and Networks,
,,"International Conference on Health, Safety and Environment in Oil and Gas Exploration and Production",
,26035871,International Conference on Higher Education Advances,
21621233,21621241,International Conference on ICT Convergence,
,,"International Conference on Information and Knowledge Management, Proceedings",
,,"International Conference on Intelligent User Interfaces, Proceedings IUI",
16943597,16943600,International Conference on Multidisciplinary Research,
,,"International Conference on Nuclear Engineering, Proceedings, ICONE",
,21843481,International Conference on Quality Engineering and Management,
,,"International Conference on Signal Processing Proceedings, ICSP",
13138502,,"International Conference Recent Advances in Natural Language Processing, RANLP",
,,International Environmental Conference,
,,International Geoscience and Remote Sensing Symposium (IGARSS),
13142704,,"International Multidisciplinary Scientific GeoConference Surveying Geology and Mining Ecology Management, SGEM",
,,"International Paper and Coating Chemistry Symposium, Proceedings",
,,"International Paper Physics Conference, Proceedings",
,24463833,International Research Symposium on PBL,
8910138,,International SAMPE Symposium and Exhibition,
,,International SAMPE Technical Conference,
,27097609,International Seminar on ORC Power Systems,
15468402,,International Solar Energy Conference,
,,International Specialty Conference on Cold-Formed Steel Structures: Recent Research and Developments in Cold-Formed Steel Design and Construction,
,,"International Symposium on Combustion, Abstracts of Accepted Papers",
,,"International Symposium on Combustion, Abstracts of Works-in-Progress Posters",
,,"International Symposium on Discharges and Electrical Insulation in Vacuum, ISDEIV",
26201429,26201437,International Symposium on Graphic Engineering and Design,
,,"International Symposium on Low Power Electronics and Design, Digest of Technical Papers",
,,International Symposium on Technology and Society,
1524766X,,"International Symposium on VLSI Technology, Systems, and Applications, Proceedings",
,,"International Workshop on Advanced Motion Control, AMC",
,,International Workshop on Principles of Software Evolution (IWPSE),
,,International Workshop on System-Level Interconnect Prediction (SLIP 2000),
,26644487,International Workshop on Visual Analytics,
17551307,17551315,IOP Conference Series: Earth and Environmental Science,
17578981,1757899X,IOP Conference Series: Materials Science and Engineering,Discontinued by Scopus
,,IS and T's International Conference on Digital Production Printing and Industrial Applications,
10540032,,ISA TECH/EXPO Technology Update Conference Proceedings,
21949042,21949050,"ISPRS Annals of the Photogrammetry, Remote Sensing and Spatial Information Sciences",
9326022,,ITG-Fachbericht,
11554339,17647177,Journal De Physique. IV : JP,
15726495,,Journal of Chromatography - Biomedical Applications,
17426588,17426596,Journal of Physics: Conference Series,
3608905,,"Journal of Polymer Science, Polymer Symposia",
,,King Fahd University of Petroleum and Minerals Research Institute Annual Catalysts in Petroleum Refining and Petrochemicals Symposium Papers,
22217932,20757182,Komp'juternaja Lingvistika i Intellektual'nye Tehnologii,
2868180,,Kyushu Tokai Daigaku Nogakubu Kiyo/Proceedings of School of Agriculture Kyushu Tokai University,
26615134,16915941,Latvijas Nacionalas Bibliotekas Zinatniskie Raksti,
16175468,,"Lecture Notes in Informatics (LNI), Proceedings - Series of the Gesellschaft fur Informatik (GI)",
21954968,21954976,Lecture Notes in Information Systems and Organisation,
18688969,,"Leibniz International Proceedings in Informatics, LIPIcs",
10994742,,LEOS Summer Topical Meeting,
,,"Light Metals: Proceedings of Sessions, AIME Annual Meeting (Warrendale, Pennsylvania)",
,2261236X,MATEC Web of Conferences,Discontinued by Scopus
24743941,2474395X,Materials Research Proceedings,
2729172,,Materials Research Society Symposium - Proceedings,
,22147853,Materials Today: Proceedings,
,,"Mathematical Methods in Electromagnetic Theory, MMET, Conference Proceedings",
15483746,,Midwest Symposium on Circuits and Systems,
,,"National Radio Science Conference, NRSC, Proceedings",
26947854,,New Trends in Civil Aviation,
1048776X,,NIST Special Publication,
,,NPRA Annual Meeting Papers,
,,NPRA Computer Conference Papers,
,,NPRA Environmental Conference Papers,
,,NPRA International Petrochemical Conference Papers,
,,NPRA National Safety Conference Papers,
1620770,,NPRA Question and Answer Session on Refining and Petrochemical Technology,
1977385,,Oceans Conference Record (IEEE),
,,Offshore Europe Conference - Proceedings,
,25107240,Optical Characterization of Materials,
,,"Pacific Rim Conference on Lasers and Electro-Optics, CLEO - Technical Digest",
,,"Parallel and Distributed Computing, Applications and Technologies, PDCAT Proceedings",
1089795X,,"Parallel Architectures and Compilation Techniques - Conference Proceedings, PACT",
2759306,,PESC Record - IEEE Annual Power Electronics Specialists Conference,
16101634,,Physica Status Solidi C: Conferences,
18753884,18753892,Physics Procedia,
,,PIRA International Conference Proceedings,
,,Portland International Conference on Management of Engineering and Technology,
18770428,,Procedia - Social and Behavioral Sciences,
18766196,,Procedia Chemistry,
22128271,,Procedia CIRP,
,18770509,Procedia Computer Science,
18785220,,Procedia Earth and Planetary Science,
18777058,,Procedia Engineering,
,24523216,Procedia Structural Integrity,
,,Proceeding of the International Conference on Telecommunications,
,,"Proceedings - 2010 International Conference on Intelligent System Design and Engineering Application, ISDEA 2010",
,,Proceedings - Annual Meeting of the Decision Sciences Institute,
,,Proceedings - Annual SAFE Symposium (Survival and Flight Equipment Association),
,,"Proceedings - Annual Stability Conference, Structural Stability Research Council",
,,"Proceedings - Annual Technical Session, Structural Stability Research Council",
5721431,,Proceedings - Conference of the Australian Road Research Board,
5695503,,Proceedings - Electronic Components and Technology Conference,
10683070,,Proceedings - Euromicro Conference on Real-Time Systems,
15394565,,"Proceedings - Frontiers in Education Conference, FIE",
7135424,,Proceedings - Graphics Interface,
7367791,,"Proceedings - ICASSP, IEEE International Conference on Acoustics, Speech and Signal Processing",
7303157,,Proceedings - IEEE Computer Society's International Computer Software and Applications Conference,
0743166X,,Proceedings - IEEE INFOCOM,
10636404,,Proceedings - IEEE International Conference on Computer Design: VLSI in Computers and Processors,
10504729,,Proceedings - IEEE International Conference on Robotics and Automation,
2714310,,Proceedings - IEEE International Symposium on Circuits and Systems,
,,Proceedings - IEEE Military Communications Conference,
,,Proceedings - International Air Transportation Conference,
,,Proceedings - International Conference on Data Engineering,
10636927,,Proceedings - International Conference on Distributed Computing Systems,
10514651,,Proceedings - International Conference on Pattern Recognition,
2705257,,Proceedings - International Conference on Software Engineering,
26431394,26431483,Proceedings - International Symposium on Asynchronous Circuits and Systems,
15301346,,Proceedings - International Symposium on Computers and Communications,
10932941,,"Proceedings - International Symposium on Discharges and Electrical Insulation in Vacuum, ISDEIV",
,,Proceedings - International Symposium on Electrets,
10459065,,Proceedings - Rapid Excavation and Tunneling Conference,
,,Proceedings - Real-Time Systems Symposium,
,,Proceedings - SPE Annual Technical Conference and Exhibition,
,,Proceedings - SPE Eastern Regional Conference and Exhibition,
,,Proceedings - SPE International Symposium on Formation Damage Control,
,,Proceedings - SPE Production Operations Symposium,
,,Proceedings - SPE Symposium on Improved Oil Recovery,
,,Proceedings - Symposium on Computer Arithmetic,
,,Proceedings - Symposium on Fusion Engineering,
10436871,,Proceedings - Symposium on Logic in Computer Science,
,,Proceedings - Virtual Reality Annual International Symposium,
8917736,,Proceedings - Winter Simulation Conference,
,,Proceedings ACM SIGUCCS User Services Conference,
,,Proceedings AESF/EPA Conference for Environmental Excellence,
,26955067,Proceedings from the International Congress on Project Management and Engineering,
,,Proceedings of ACM Symposium on Access Control Models and Technologies (SACMAT 2002),
15301052,,"Proceedings of Computer Graphics International Conference, CGI",
,,Proceedings of IEEE Sensors,
,28336747,Proceedings of International Conference on Research in Education and Science,
,2644108X,Proceedings of International Structural Engineering and Construction,
1939800X,,Proceedings of Meetings on Acoustics,
,18248039,Proceedings of Science,
0277786X,1996756X,Proceedings of SPIE - The International Society for Optical Engineering,
0585086X,,Proceedings of Stapp Car Crash Conference,
,,Proceedings of the 2002 International Conference on Dependable Systems and Networks,
,,Proceedings of the ACM Conference on Computer and Communications Security,
,,Proceedings of the ACM Conference on Computer Supported Cooperative Work,
,,"Proceedings of the ACM Conference on Computer Supported Cooperative Work, CSCW",
,,Proceedings of the ACM Conference on Electronic Commerce,
,,Proceedings of the ACM Conference on Hypertext,
,,"Proceedings of the ACM Great Lakes Symposium on VLSI, GLSVLSI",
,,Proceedings of the ACM International Conference on Digital Libraries,
,,Proceedings of the ACM International Multimedia Conference and Exhibition,
,,Proceedings of the ACM SIGACT-SIGMOD-SIGART Symposium on Principles of Database Systems,
,,Proceedings of the ACM SIGCPR Conference,
,,Proceedings of the ACM SIGGRAPH Conference on Computer Graphics,
,,Proceedings of the ACM SIGKDD International Conference on Knowledge Discovery and Data Mining,
,,Proceedings of the ACM SIGMIS CPR Conference,
,,Proceedings of the ACM SIGMOD International Conference on Management of Data,
,,"Proceedings of the ACM SIGPLAN Conference on Languages, Compilers, and Tools for Embedded Systems (LCTES)",
,,Proceedings of the ACM SIGPLAN Conference on Programming Language Design and Implementation (PLDI),
,,"Proceedings of the ACM SIGPLAN International Conference on Functional Programming, ICFP",
,,Proceedings of the ACM SIGPLAN Symposium on Partial Evaluation and Semantics-Based Program Manipulation,
,,"Proceedings of the ACM SIGPLAN Symposium on Principles and Practice of Parallel Programming, PPOPP",
,,Proceedings of the ACM SIGSOFT Symposium on the Foundations of Software Engineering,
,,Proceedings of the ACM Symposium on Applied Computing,
,,Proceedings of the ACM Workshop on Advances in Geographic Information Systems,
7431619,,Proceedings of the American Control Conference,
997250,,"Proceedings of the American Gas Association, Operating Section",
0003049X,,Proceedings of the American Philosophical Society,
,,Proceedings of the Annual ACM Symposium on Principles of Distributed Computing,
7378017,,Proceedings of the Annual ACM Symposium on Theory of Computing,
,,Proceedings of the Annual ACM-SIAM Symposium on Discrete Algorithms,
0732619X,,Proceedings of the Annual Conference on Explosives and Blasting Technique,
10930159,,Proceedings of the Annual IEEE Conference on Computational Complexity,
,,"Proceedings of the Annual International Conference on Computational Molecular Biology, RECOMB",
,,"Proceedings of the Annual International Conference on Mobile Computing and Networking, MOBICOM",
10506527,,Proceedings of the Annual ISA Analysis Division Symposium,
,,Proceedings of the Annual Meeting - Institute of Navigation,
1603663,,Proceedings of the Annual Offshore Technology Conference,
,,Proceedings of the Annual Southeastern Symposium on System Theory,
3615987,,Proceedings of the Annual Southwestern Petroleum Short Course,
,,Proceedings of the Annual Symposium on Computational Geometry,
967963,,Proceedings of the Annual Symposium on Instrumentation for the Process Industries,
,,"Proceedings of the Asia and South Pacific Design Automation Conference, ASP-DAC",
,19404204,Proceedings of the Asian Technology Conference in Mathematics,
10817735,,Proceedings of the Asian Test Symposium,
,,Proceedings of the ASME Design Engineering Technical Conference,
,,Proceedings of the ASME Summer Heat Transfer Conference,
,,Proceedings of the ASME Turbo Expo,
,,Proceedings of the Australian Asian Pacific Conference on Aluminium Cast House Technology,
,,"Proceedings of the Australian Software Engineering Conference, ASWEC",
,,"Proceedings of the Conference on Object-Oriented Programming Systems, Languages, and Applications, OOPSLA",
,,"Proceedings of the Conference on Traffic and Transportation Studies, ICTTS",
7364709,,Proceedings of the Corporate Aviation Safety Seminar,
8865930,,Proceedings of the Custom Integrated Circuits Conference,
10680314,,Proceedings of the Data Compression Conference,
,,Proceedings of the Drilling Conference,
,,Proceedings of the Eigtht IASTED International Conference on Software Engineering and Applications,
15345351,,"Proceedings of the Euromicro Conference on Software Maintenance and Reengineering, CSMR",
,,"Proceedings of the European Conference on Radiation and its Effects on Components and Systems, RADECS",
21974403,,"Proceedings of the European Conference on Synthetic Aperture Radar, EUSAR",
,,Proceedings of the European Petroleum Conference,
27066932,27066940,Proceedings of the European Wave and Tidal Energy Conference,
23654430,23655070,Proceedings of the Hamburg International Conference of Logistics,
731129,,Proceedings of the Hawaii International Conference on System Science,
10711813,,Proceedings of the Human Factors and Ergonomics Society,
,,Proceedings of the IADC/SPE Asia Pacific Drilling Technology Conference and Exhibition,
,,Proceedings of the IASTED International Conference on Biomedical Engineering,
,,"Proceedings of the IASTED International Conference on Circuits, Signals, and Systems",
16826221,,Proceedings of the IASTED International Conference on Intelligent Systems and Control,
,,Proceedings of the IASTED International Conference on Internet and Multimedia Systems and Applications,
10218181,,Proceedings of the IASTED International Conference on Modelling and Simulation,
10258973,22935126,"Proceedings of the IASTED International Conference on Modelling, Identification, and Control, MIC",
,,Proceedings of the IASTED International Conference on Neural Networks and Computational Intelligence,
10272658,,Proceedings of the IASTED International Conference on Parallel and Distributed Computing and Systems,
1027264X,,Proceedings of the IASTED International Conference on Robotics and Applications,
2724715,,Proceedings of the IEEE Annual Simulation Symposium,
,,Proceedings of the IEEE Bipolar/BiCMOS Circuits and Technology Meeting,
10636919,,Proceedings of the IEEE Computer Society Conference on Computer Vision and Pattern Recognition,
10637109,,Proceedings of the IEEE Computer Society Symposium on Research in Security and Privacy,
10851992,,Proceedings of the IEEE Conference on Control Applications,
7431546,25762370,Proceedings of the IEEE Conference on Decision and Control,
10661395,,Proceedings of the IEEE Great Lakes Symposium on VLSI,
,,Proceedings of the IEEE International Conference on Computer Vision,
,,"Proceedings of the IEEE International Conference on Engineering of Complex Computer Systems, ICECCS",
,,Proceedings of the IEEE International Conference on Industrial Technology,
10846999,,Proceedings of the IEEE International Conference on Micro Electro Mechanical Systems (MEMS),
,,Proceedings of the IEEE International Conference on Properties and Applications of Dielectric Materials,
8843627,,"Proceedings of the IEEE International Conference on Systems, Man and Cybernetics",
,,"Proceedings of the IEEE International Conference on Transmission and Distribution Construction and Live Line Maintenance, ESMO",
10639667,,Proceedings of the IEEE International Conference on VLSI Design,
,,"Proceedings of the IEEE International Symposium on Consumer Electronics, ISCE",
,,Proceedings of the IEEE International Workshop on Research Issues in Data Engineering,
,,Proceedings of the IEEE Micro Electro Mechanical Systems (MEMS),
,,Proceedings of the IEEE Particle Accelerator Conference,
21608555,21608563,Proceedings of the IEEE Power Engineering Society Transmission and Distribution Conference,
,,Proceedings of the IEEE Southwest Symposium on Image Analysis and Interpretation,
10637125,,Proceedings of the IEEE Symposium on Computer-Based Medical Systems,
10609857,,Proceedings of the IEEE Symposium on Reliable Distributed Systems,
10510117,,Proceedings of the IEEE Ultrasonics Symposium,
,,Proceedings of the IEEE Visualization Conference,
,,Proceedings of the IEEE VLSI Test Symposium,
,,Proceedings of the IEEE Working Conference on Current Measurement,
,,Proceedings of the IEEE/ASME Joint Railroad Conference,
10898190,,Proceedings of the IEEE/CPMT International Electronics Manufacturing Technology (IEMT) Symposium,
10939547,,Proceedings of the Information Visualization Conference,
21998981,2199899X,Proceedings of the International Association of Hydrological Sciences,
741795,,"Proceedings of the International Astronautical Congress, IAC",
,20021593,Proceedings of the International CDIO Conference,
23675578,23675675,Proceedings of the International Conference Computational Linguistics in Bulgaria,
,22093850,Proceedings of the International Conference of Architectural Science Association,
,,Proceedings of the International Conference on Applications of Advanced Technologies in Transportation Engineering,
,,"Proceedings of the International Conference on Artificial Intelligence, IC-AI'04",
,,Proceedings of the International Conference on Dependable Systems and Networks,
26841843,,Proceedings of the International Conference on Education and Research in Computer Aided Architectural Design in Europe,
,,"Proceedings of the International Conference on Embedded Systems and Applications ESA'04 - Proceedings of the International Conference on VLSI, VLSI'04",
,,Proceedings of the International Conference on Estuarine and Coastal Modeling,
,25162810,Proceedings of the International Conference on Gender Research,
,,"Proceedings of the International Conference on Imaging Science, Systems and Technology, CISST'04",
,,"Proceedings of the International Conference on Information and Knowledge Engineering , IKE'04",
,,Proceedings of the International Conference on Mathematics and Engineering Techniques in Medicine and Biological Sciences,
,,Proceedings of the International Conference on Microelectronics,
,,"Proceedings of the International Conference on Microelectronics, ICM",
22088288,22088296,Proceedings of the International Conference on Mine Closure,
26234513,,Proceedings of the International Conference on Natural Hazards and Infrastructure,
22204792,22204806,Proceedings of the International Conference on New Interfaces for Musical Expression,
,,Proceedings of the International Conference on Offshore Mechanics and Arctic Engineering - OMAE,
,,Proceedings of the International Conference on Parallel and Distributed Processing Techniques and Applications,
,,Proceedings of the International Conference on Parallel and Distributed Systems - ICPADS,
,,"Proceedings of the International Conference on Radioactive Waste Management and Environmental Remediation, ICEM",
,,Proceedings of the International Conference on Security and Management,
,,"Proceedings of the International Conference on Software Engineering Research and Practice, SERP'04",
,,Proceedings of the International Conference on Supercomputing,
10636730,,Proceedings of the International Conference on Tools with Artificial Intelligence,
,25163612,Proceedings of the International Conference on Tourism Research,
18448933,29719291,Proceedings of the International Conference on Virtual Learning,
,,Proceedings of the International Conference on Wireless Networks,
10988068,,"Proceedings of the International Database Engineering and Applications Symposium, IDEAS",
15588041,,Proceedings of the International Instrumentation Symposium,
,,Proceedings of the International Joint Conference on Neural Networks,
,,Proceedings of the International Offshore and Polar Engineering Conference,
,,"Proceedings of the International Pipeline Conference, IPC",
,,"Proceedings of the International Semiconductor Conference, CAS",
,26318741,Proceedings of the International Ship Control Systems Symposium,
,,"Proceedings of the International Symposium and Exhibition on Advanced Packaging Materials Processes, Properties and Interfaces",
,24135844,Proceedings of the International Symposium on Automation and Robotics in Construction,
,,Proceedings of the International Symposium on Corrosion in the Pulp and Paper Industry,
,,Proceedings of the International Symposium on Mobile Ad Hoc Networking and Computing (MobiHoc),
0195623X,,Proceedings of The International Symposium on Multiple-Valued Logic,
10874089,,"Proceedings of the International Symposium on Parallel Architectures, Algorithms and Networks, I-SPAN",
,,Proceedings of the International Symposium on Physical Design,
,,"Proceedings of the International Symposium on Symbolic and Algebraic Computation, ISSAC",
,,Proceedings of the International Symposium on Test and Measurement,
,,Proceedings of the International Thermal Spray Conference,
,,"Proceedings of the International Workshop on High-Level Programming Models and Supportive Environments, HIPS",
,,Proceedings of the International Workshop on Network and Operating System Support for Digital Audio and Video,
10746005,,Proceedings of the International Workshop on Rapid System Prototyping,
,,Proceedings of the International Workshop on Temporal Representation and Reasoning,
,,Proceedings of the ISOPE Ocean Mining Symposium,
,,Proceedings of the Joint Conference on Information Sciences,
,24146390,"Proceedings of the LACCEI international Multi-conference for Engineering, Education and Technology",
,,Proceedings of the Mediterranean Electrotechnical Conference - MELECON,
,,Proceedings of the Middle East Oil Show,
,,Proceedings of the National Conference on Artificial Intelligence,
,,Proceedings of the National Symposium on Civil Engineering History,
,,"Proceedings of the National Technical Meeting, Institute of Navigation",
,,Proceedings of the SICE Annual Conference,
,,Proceedings of the SIGGRAPH/Eurographics Workshop on Graphics Hardware,
,,Proceedings of the SPE Asia Pacific Conference on Integrated Modelling for Asset Management,
,,Proceedings of the SPE International Petroleum Conference and Exhibition of Mexico,
,,Proceedings of the SPE Latin American and Caribbean Petroleum Engineering Conference,
,,Proceedings of the SPE/ICoTA Coiled Tubing Roundtable Conf,
,,Proceedings of the SPE/ISRM Rock Mechanics in Petroleum Engineering Conference,
,,Proceedings of the Symposium on Interactive 3D Graphics,
,,Proceedings of the Symposium on Solid Modeling and Applications,
,,"Proceedings of the Technical Association of the Graphic Arts, TAGA",
,23791748,Proceedings of the Thermal and Fluids Engineering Summer Conference,
,,Proceedings of the TMS Fall Extraction and Processing Conference,
,,Proceedings of the TMS Fall Meeting,
,,Proceedings of the Watershed Management Symposium,
1610589,,Proceedings of The Western Snow Conference,
15244547,,"Proceedings of the Workshop on Enabling Technologies: Infrastructure for Collaborative Enterprises, WET ICE",
10844097,,"Proceedings of the Workshop on Parallel and Distributed Simulation, PADS",
,2369811X,Proceedings of the World Congress on Electrical Engineering and Computer Systems and Science,
,,Proceedings of the World Congress on Intelligent Control and Automation (WCICA),
842176,,Proceedings of the World Petroleum Congress,
968870,,"Proceedings, Annual Convention - Gas Processors Association",
7375921,5606543,"Proceedings, Annual Technical Conference - Society of Vacuum Coaters",
10636900,,Proceedings. The Computer Security Foundations Workshop III,
,,"Proceedings/STC, Society for Technical Communication Annual Conference",
10928138,,"Program Comprehension, Workshop Proceedings",
16057422,,Progress in Biomedical Optics and Imaging - Proceedings of SPIE,
25430955,25430963,Progress in Marine Science and Technology,
,,Progress in Water Resources,
,,"Record - IEEE PLANS, Position Location and Navigation Symposium",
903507,,Record of Conference Papers - Annual Petroleum and Chemical Industry Conference,
10874852,,"Records of the IEEE International Workshop on Memory Technology, Design and Testing",
,,Reverse Engineering - Working Conference Proceedings,
,,"Risk-Based Decision Making in Water Resources, Proceedings of the Conference",
1487191,26883627,SAE Technical Papers,
,,SBMO/IEEE MTT-S International Microwave and Optoelectronics Conference Proceedings,
2784017,,Science and Technology Series,
,23434937,Scripta Instituti Donneriani Aboensis,
10523812,,SEG Technical Program Expanded Abstracts,
,,SIAM Proceedings Series,
10831312,,SID Conference Record of the International Display Research Conference,
978418,,"SIGCSE Bulletin (Association for Computing Machinery, Special Interest Group on Computer Science Education)",
,,"Society for Imaging Science and Technology: Image Processing, Image Quality, Image Capture, Systems Conference",
10930175,,"Software Engineering Education Conference, Proceedings",
5846099,,Space Congress Proceedings,
,,SPE - Asia Pacific Oil and Gas Conference,
,,SPE - DOE Improved Oil Recovery Symposium Proceedings,
,,"SPE - European Formation Damage Control Conference, Proceedings",
,,SPE Hydrocarbon Economics and Evaluation Symposium,
,,SPE International Formation Damage Control Symposium Proceedings,
,,SPE International Oilfield Chemistry Symposium Proceedings,
,,SPE International Thermal Operations and Heavy Oil Symposium Proceedings,
,,SPE Proceedings - Gas Technology Symposium,
,,SPE Western Regional/AAPG Pacific Section Joint Meeting,
,,SPE/EPA Exploration and Production Environmental Conference,
,,SPE/IADC Drilling Conference,
25111256,25111264,Springer Proceedings in Advanced Robotics,
21987246,21987254,Springer Proceedings in Business and Economics,
21941009,21941017,Springer Proceedings in Mathematics and Statistics,
9308989,18674941,Springer Proceedings in Physics,
7317735,,Steelmaking Conference Proceedings,
,,STLE Annual Meeting Preprints,
23644885,,Stuttgarter Symposium fur Produktentwicklung,
,,TAPPI Advanced Coating Fundamentals Symposium,
,,Tappi Coating and Graphic Arts Conference and Trade Fair,
,,TAPPI European PLACE Conference,
,,TAPPI Fall Technical Conference,
,,TAPPI PLACE Conference,
,,TAPPI Proceedings - Environmental Conference & Exhibit,
,,Technical Digest - GaAs IC Symposium (Gallium Arsenide Integrated Circuit),
1631918,,Technical Digest - International Electron Devices Meeting,
1611860,,Technical Paper - Society of Manufacturing Engineers. IQ,
,,Technische Akademie Esslingen International Tribology Colloquium Proceedings,
2856042,,Theoretical and Applied Mechanics,
,,Thermomechanical Phenomena in Electronic Systems -Proceedings of the Intersociety Conference,
,,TMS Annual Meeting,
1470809,,TMS Light Metals,
1935933,,Transactions - Geothermal Resources Council,
10473025,,Transactions of the North American Manufacturing Research Institute of SME,
23521457,23521465,Transportation Research Procedia,
,,UIST (User Interface Software and Technology): Proceedings of the ACM Symposium,
,27070476,University Library at a New Stage of Social Communications Development. Conference Proceedings,
23450533,,Vibroengineering Procedia,
,,Web3D Symposium Proceedings,
2750708,,Winter Simulation Conference Proceedings,
,26966999,World Congress in Computational Mechanics and ECCOMAS Congress,
23620935,,World Construction Symposium,
,26522926,ZEMCH International Conference,
